-- phpMyAdmin SQL Dump
-- version 4.5.4.1
-- http://www.phpmyadmin.net
--
-- Host: localhost
-- Generation Time: Jun 17, 2024 at 01:59 PM
-- Server version: 5.7.11
-- PHP Version: 5.6.18

SET SQL_MODE = "NO_AUTO_VALUE_ON_ZERO";
SET time_zone = "+00:00";


/*!40101 SET @OLD_CHARACTER_SET_CLIENT=@@CHARACTER_SET_CLIENT */;
/*!40101 SET @OLD_CHARACTER_SET_RESULTS=@@CHARACTER_SET_RESULTS */;
/*!40101 SET @OLD_COLLATION_CONNECTION=@@COLLATION_CONNECTION */;
/*!40101 SET NAMES utf8mb4 */;

--
-- Database: `meghbela_lcn_db_kol`
--
CREATE DATABASE IF NOT EXISTS `meghbela_lcn_db_kol` DEFAULT CHARACTER SET latin1 COLLATE latin1_swedish_ci;
USE `meghbela_lcn_db_kol`;

-- --------------------------------------------------------

--
-- Table structure for table `auth_tb`
--

DROP TABLE IF EXISTS `auth_tb`;
CREATE TABLE `auth_tb` (
  `user_id` int(6) NOT NULL,
  `user` varchar(255) NOT NULL,
  `pass` varchar(50) NOT NULL,
  `first_name` varchar(255) NOT NULL,
  `last_name` varchar(255) DEFAULT NULL,
  `email` varchar(255) NOT NULL,
  `is_admin` tinyint(1) NOT NULL,
  `is_active` tinyint(1) NOT NULL
) ENGINE=InnoDB DEFAULT CHARSET=latin1;

--
-- Dumping data for table `auth_tb`
--

INSERT INTO `auth_tb` (`user_id`, `user`, `pass`, `first_name`, `last_name`, `email`, `is_admin`, `is_active`) VALUES
(1, 'admin', 'fc6ae4166bc1d787ef87cdb5a9da79a1', 'Administrator', NULL, 'admin@meghbela.com', 0, 1),
(2, 'shantanu', 'f30aa7a662c728b7407c54ae6bfd27d1', 'Shantanu', 'Sarkar', 'shantanu@meghbeladigital.com', 1, 1);

-- --------------------------------------------------------

--
-- Table structure for table `channel_tb`
--

DROP TABLE IF EXISTS `channel_tb`;
CREATE TABLE `channel_tb` (
  `id` int(11) NOT NULL,
  `sid` int(8) NOT NULL,
  `channel` varchar(255) NOT NULL,
  `broadcaster` varchar(255) NOT NULL,
  `lcn` int(5) NOT NULL,
  `lcnhex` varchar(255) NOT NULL
) ENGINE=InnoDB DEFAULT CHARSET=latin1;

--
-- Dumping data for table `channel_tb`
--

INSERT INTO `channel_tb` (`id`, `sid`, `channel`, `broadcaster`, `lcn`, `lcnhex`) VALUES
(1, 10311, 'MOVIE OPERA 0/', 'LOCAL', 1, '00 01'),
(2, 10812, 'STAR GOLD 19/', 'STAR', 2, '00 02'),
(3, 10203, 'ZEE CINEMA 19/', 'ZEE', 3, '00 03'),
(4, 10803, 'SONY MAX 15/', 'SONY', 4, '00 04'),
(5, 22812, 'SONY MAX2 Rs.1/', 'SONY', 5, '00 05'),
(6, 22809, '& PICTURES 10/', 'ZEE', 6, '00 06'),
(7, 11011, 'STAR GOLD2 Rs.2/', 'STAR', 7, '00 07'),
(8, 10208, 'ZEE BOLLYWOOD 3/', 'ZEE', 8, '00 08'),
(9, 11203, 'ZEE ANMOL CINEMA 0.10/', 'ZEE', 9, '00 09'),
(10, 22112, 'COLORS CINEPLEX 3/', 'TV 18', 10, '00 0A'),
(11, 15006, 'SONY WAH 0.50/', 'SONY', 11, '00 0B'),
(12, 10305, 'ZEE CLASSIC 0.10/', 'ZEE', 12, '00 0C'),
(13, 10207, 'ZEE ACTION 0.10/', 'ZEE', 13, '00 0D'),
(14, 23908, 'COLORS SUPERHITS 0.10/', 'TV 18', 14, '00 0E'),
(15, 15124, 'CINEPLEX BOLLYWOOD 0.10/', 'TV 18', 15, '00 0F'),
(16, 11409, 'STAR UTSAV MOVIES 0.50/', 'STAR', 16, '00 10'),
(17, 11808, 'STAR GOLD THRILLS 2/', 'STAR', 17, '00 11'),
(18, 11806, 'STAR GOLD ROMANCE 2/', 'STAR', 18, '00 12'),
(19, 11009, 'STAR GOLD SELECT 7/', 'STAR', 19, '00 13'),
(20, 22103, 'SKYWAVE DIGITAL 0/', 'LOCAL', 20, '00 14'),
(21, 10304, 'MOVIE OPERA CLASSIC 0/', 'LOCAL', 21, '00 15'),
(22, 15101, 'ALL TIME MOVIES 0/', 'FTA', 22, '00 16'),
(23, 15106, 'BFLIX 0/', 'FTA', 23, '00 17'),
(24, 15008, 'SAMPARK TV 0/', 'LOCAL', 24, '00 18'),
(25, 10306, 'DANGAL2 Rs.0/', 'FTA', 25, '00 19'),
(26, 11014, 'B4U MOVIES 0/', 'FTA', 26, '00 1A'),
(27, 23802, 'WOW CINEMA 0/', 'FTA', 27, '00 1B'),
(28, 15002, 'CINEMA TV 0/', 'FTA', 28, '00 1C'),
(29, 23901, 'MAHA MOVIE 0/', 'FTA', 29, '00 1D'),
(30, 23808, 'GOLDMINES 0/', 'FTA', 30, '00 1E'),
(31, 15119, 'GOLDMINES BOLLYWOOD 0/', 'FTA', 31, '00 1F'),
(32, 15125, 'GOLDMINES MOVIES 0/', 'FTA', 32, '00 20'),
(33, 10807, 'STAR PLUS 19/', 'STAR', 41, '00 29'),
(34, 10801, 'SONY 19/', 'SONY', 42, '00 2A'),
(35, 11410, 'COLORS 19/', 'TV 18', 43, '00 2B'),
(36, 10701, 'ZEE TV 19/', 'ZEE', 44, '00 2C'),
(37, 10804, 'SONY SAB 19/', 'SONY', 45, '00 2D'),
(38, 15001, '& TV 6/', 'ZEE', 46, '00 2E'),
(39, 10708, 'STAR BHARAT 12/', 'STAR', 47, '00 2F'),
(40, 22808, 'ZEE ANMOL 0.10/', 'ZEE', 48, '00 30'),
(41, 11908, 'SONY PAL 0.50/', 'SONY', 49, '00 31'),
(42, 11706, 'BIG MAGIC 0.10/', 'ZEE', 50, '00 32'),
(43, 11115, 'COLORS RISHTEY 1/', 'TV 18', 51, '00 33'),
(44, 15103, 'ID 1/', 'DISCOVERY', 52, '00 34'),
(45, 22111, 'ZOOM 0/', 'BENNET COLEMAN', 53, '00 35'),
(46, 11412, 'ISHARA TV 5/', 'IN 10 MEDIA', 54, '00 36'),
(47, 11206, 'STAR UTSAV 0.50/', 'STAR', 55, '00 37'),
(48, 11015, 'BINDAS 0.10/', 'STAR', 56, '00 38'),
(49, 22407, 'NAZARA 0.15/', 'IN 10 MEDIA', 57, '00 39'),
(50, 22312, 'DD RAJASHTHAN 0/', 'DD', 58, '00 3A'),
(51, 11109, 'DANGAL TV 0/', 'FTA', 59, '00 3B'),
(52, 22908, 'ENTERR10 0/', 'FTA', 60, '00 3C'),
(53, 11215, 'E24 0/', 'FTA', 61, '00 3D'),
(54, 22309, 'DD UP 0/', 'DD', 62, '00 3E'),
(55, 22310, 'DD MP 0/', 'DD', 63, '00 3F'),
(56, 11005, 'DD NATIONAL 0/', 'DD', 64, '00 40'),
(57, 15114, 'SHEMAROO TV 0/', 'FTA', 66, '00 42'),
(58, 22912, 'DABANGG 0/', 'FTA', 69, '00 45'),
(59, 22308, 'DD BIHAR 0/', 'DD', 70, '00 46'),
(60, 10308, 'DD KISAN 0/', 'DD', 71, '00 47'),
(61, 23811, 'DHAMAAL 0/', 'FTA', 72, '00 48'),
(62, 10702, 'ZEE BANGLA 19/', 'ZEE', 81, '00 51'),
(63, 10810, 'STAR JALSHA 19/', 'STAR', 82, '00 52'),
(64, 11504, 'COLORS BANGLA 7/', 'TV 18', 83, '00 53'),
(65, 11211, 'SUN BANGLA 0/', 'SUN', 84, '00 54'),
(66, 11302, 'SONY AATH 5.5/', 'SONY', 85, '00 55'),
(67, 24005, 'ENTERR10 BANGLA 0/', 'FTA', 86, '00 56'),
(68, 22108, 'AAKASH AATH 0/', 'FTA', 87, '00 57'),
(69, 11611, 'RUPASHI BANGLA 0/', 'FTA', 90, '00 5A'),
(70, 22212, 'RONGEEN TV 0/', 'FTA', 91, '00 5B'),
(71, 22104, 'SHANTI BANGLA 0/', 'LOCAL', 92, '00 5C'),
(72, 10904, 'CTVN AKD PLUS 0/', 'FTA', 93, '00 5D'),
(73, 22209, 'DD BANGLA 0/', 'DD', 94, '00 5E'),
(74, 22703, 'TARA TV 0/', 'FTA', 96, '00 60'),
(75, 22503, 'DHOOM MUSIC 0/', 'FTA', 97, '00 61'),
(76, 11614, 'SANGEET BANGLA 0/', 'FTA', 98, '00 62'),
(77, 22009, 'CHANNEL VISION 0/', 'FTA', 100, '00 64'),
(78, 22305, 'SRISTI TV 0/', 'FTA', 101, '00 65'),
(79, 10909, 'SRISTI PLUS 0/', 'FTA', 103, '00 67'),
(80, 10101, 'MOVIE OPERA MUSIC 0/', 'LOCAL', 104, '00 68'),
(81, 22106, 'S MUSIC 0/', 'LOCAL', 105, '00 69'),
(82, 11111, 'PURNIMA TV 0/', 'FTA', 110, '00 6E'),
(83, 11216, 'JALSHA MOVIES 15/', 'STAR', 121, '00 79'),
(84, 10201, 'ZEE BANGLA CINEMA 10/', 'ZEE', 122, '00 7A'),
(85, 11212, 'COLORS BANGLA CINEMA 1/', 'TV 18', 123, '00 7B'),
(86, 22105, 'SW BANGLA CINEMA 0/', 'LOCAL', 124, '00 7C'),
(87, 22605, 'KHUSHBOO BANGLA 0/', 'FTA', 125, '00 7D'),
(88, 22909, 'SAMPARK BANGLA 0/', 'LOCAL', 126, '00 7E'),
(89, 11001, 'AAMAR CINEMA 0/', 'FTA', 127, '00 7F'),
(90, 10813, 'STAR SPORTS 1 Rs.19/', 'STAR', 136, '00 88'),
(91, 15105, 'STAR SPORTS 2 Rs.4/', 'STAR', 137, '00 89'),
(92, 10712, 'STAR SPORTS 3 Rs.2/', 'STAR', 138, '00 8A'),
(93, 10704, 'STAR SPORTS 1 HINDI 19/', 'STAR', 139, '00 8B'),
(94, 11704, 'SONY SPORTS TEN 1 Rs.19/', 'SONY', 140, '00 8C'),
(95, 11703, 'SONY SPORTS TEN 2 Rs.17/', 'SONY', 141, '00 8D'),
(96, 11303, 'SONY SPORTS TEN 5 Rs.19/', 'SONY', 142, '00 8E'),
(97, 11702, 'SONY SPORTS TEN 3 Rs.17/', 'SONY', 143, '00 8F'),
(98, 22516, 'EUROSPORT  3.5/', 'DISCOVERY', 144, '00 90'),
(99, 11411, 'STAR SPORTS SELECT 1 Rs. 19/', 'STAR', 145, '00 91'),
(100, 11010, 'STAR SPORTS SELECT2 Rs.7/', 'STAR', 146, '00 92'),
(101, 11805, 'STAR SPORTS FIRST 0.5/', 'STAR', 147, '00 93'),
(102, 24004, 'SPORTS 18 1 Rs.8/', 'STAR', 148, '00 94'),
(103, 22404, 'STAR SPORTS 1 TELUGU 19/', 'STAR', 149, '00 95'),
(104, 11305, 'TEST CH 4/', 'PLEX', 986, '03 DA'),
(105, 11007, 'DD SPORTS 0/', 'DD', 156, '00 9C'),
(106, 24007, 'R. BANGLA 0/', 'FTA', 165, '00 A5'),
(107, 15110, 'NEWS 18 BANGLA 0.10/', 'TV 18', 166, '00 A6'),
(108, 10811, 'ABP ANANDA 0/', 'FTA', 167, '00 A7'),
(109, 15212, 'TV9 BANGLA 0/', 'FTA', 168, '00 A8'),
(110, 15206, 'ZEE 24 GHANTA 0.10/', 'ZEE', 169, '00 A9'),
(111, 10905, 'CN NEWS 0/', 'FTA', 170, '00 AA'),
(112, 10906, 'R PLUS 0/', 'FTA', 171, '00 AB'),
(113, 22702, 'EKHON KOLKATA 0/', 'FTA', 172, '00 AC'),
(114, 22902, 'ONKAR ONLY 0/', 'FTA', 173, '00 AD'),
(115, 11615, 'TARA NEWS 0/', 'FTA', 177, '00 B1'),
(116, 10907, 'NEWS TIME 0/', 'FTA', 175, '00 AF'),
(117, 12709, 'TRIBE TV 0/', 'FTA', 178, '00 B2'),
(118, 22701, 'BANGLA JAGO 0/', 'FTA', 179, '00 B3'),
(119, 11218, 'KOLKATA TV 0/', 'FTA', 180, '00 B4'),
(120, 10809, 'CHANNEL 24x7 Rs.0/', 'FTA', 181, '00 B5'),
(121, 11507, 'CNBC TV18 Rs.4/', 'TV 18', 206, '00 CE'),
(122, 15104, 'CNN NEWS 18 Rs.0.50/', 'TV 18', 207, '00 CF'),
(123, 11811, 'REPUBLIC TV 0/', 'FTA', 208, '00 D0'),
(124, 10310, 'INDIA TODAY 1.50/', 'TV TODAY', 209, '00 D1'),
(125, 22008, 'TIMES NOW 2.5/', 'BENNET COLEMAN', 210, '00 D2'),
(126, 23902, 'WION NEWS 1/', 'ZEE', 211, '00 D3'),
(127, 23911, 'MIRROR NOW 0.50/', 'BENNET COLEMAN', 213, '00 D5'),
(128, 11205, 'NEWS X 0/', 'FTA', 220, '00 DC'),
(129, 22007, 'ET NOW 2/', 'BENNET COLEMAN', 214, '00 D6'),
(130, 11209, 'AL JAZEERA 0/', 'FTA', 221, '00 DD'),
(131, 11309, 'NDTV 24x7 Rs. 3/', 'NDTV', 212, '00 D4'),
(132, 22907, 'RUSSIA TODAY 0/', 'FTA', 222, '00 DE'),
(133, 22913, 'DW 0/', 'FTA', 223, '00 DF'),
(134, 11401, 'BBC WORLD 1.50/', 'BBC', 216, '00 D8'),
(135, 11104, 'CNN 2/', 'DISCOVERY', 215, '00 D7'),
(136, 22901, 'EURO NEWS 0/', 'FTA', 224, '00 E0'),
(137, 11406, 'CNBC AWAAZ 0.10/', 'TV 18', 246, '00 F6'),
(138, 10205, 'ZEE BUSINESS 0.10/', 'ZEE', 247, '00 F7'),
(139, 11607, 'ET NOW SWADESH 1/', 'BENNET COLEMAN', 248, '00 F8'),
(140, 11509, 'NDTV PROFIT 1/', 'NDTV', 249, '00 F9'),
(141, 11505, 'NEWS 18 INDIA 0.10/', 'TV 18', 262, '01 06'),
(142, 22604, 'TIMES NOW NAVBHARAT 0/', 'BENNET COLEMAN', 263, '01 07'),
(143, 11608, 'ZEE NEWS 0.10/', 'ZEE', 270, '01 0E'),
(144, 11106, 'REPUBLIC BHARAT 0/', 'FTA', 264, '01 08'),
(145, 11810, 'INDIA TV 0/', 'FTA', 265, '01 09'),
(146, 23903, 'TV9 BHARATVARSH 0/', 'FTA', 266, '01 0A'),
(147, 10808, 'ABP NEWS 0/', 'FTA', 261, '01 05'),
(148, 10814, 'ZEE BHARAT 0.10/', 'ZEE', 271, '01 0F'),
(149, 11102, 'AAJ TAK 0.75/', 'TV TODAY', 267, '01 0B'),
(150, 22508, 'NEWS NATION 0/', 'FTA', 281, '01 19'),
(151, 11101, 'GNT 0.25/', 'TV TODAY', 269, '01 0D'),
(152, 11407, 'NEWS 18 LOKMAT 0.10/', 'TV 18', 278, '01 16'),
(153, 24008, 'ZEE UP UK 0.10/', 'ZEE', 272, '01 10'),
(154, 11006, 'DD NEWS 0/', 'DD', 280, '01 18'),
(155, 11510, 'NDTV INDIA 1/', 'NDTV', 268, '01 0C'),
(156, 10913, 'ZEE BIHAR JHARKHAND 0.10/', 'ZEE', 273, '01 11'),
(157, 11809, 'ZEE DELHI NCR 0.10/', 'ZEE', 274, '01 12'),
(158, 11114, 'NEWS 24 Rs.0/', 'FTA', 282, '01 1A'),
(159, 22307, 'SANSAD TV HD 0/', 'DD', 283, '01 1B'),
(160, 22101, 'SANSAD RAJYA SABHA 0/', 'DD', 284, '01 1C'),
(161, 22904, 'TIME TV 0/', 'FTA', 285, '01 1D'),
(162, 22906, 'INDIA NEWS 0/', 'FTA', 286, '01 1E'),
(163, 11107, 'SANSAD TV 0/', 'DD', 287, '01 1F'),
(164, 22610, 'CNBC BAZAAR 1/', 'TV 18', 276, '01 14'),
(165, 15208, 'NEWS18 BIHAR 0.10/', 'TV 18', 277, '01 15'),
(166, 15115, 'ZEE MP CHATTISGARH 0.10/', 'ZEE', 275, '01 13'),
(167, 11016, 'TAAZA TV 0/', 'FTA', 288, '01 20'),
(168, 10209, 'ZEE CAFE 10/', 'ZEE', 297, '01 29'),
(169, 11807, 'COMEDY CENTRAL 5/', 'TV 18', 299, '01 2B'),
(170, 10707, 'COLORS INFINITY 5/', 'TV 18', 300, '01 2C'),
(171, 22801, 'ROMEDY NOW 5/', 'BENNET COLEMAN', 301, '01 2D'),
(172, 22507, 'WOMAN 3/', 'TRAVEL XP', 302, '01 2E'),
(173, 15207, 'TV5 0/', 'FTA', 303, '01 2F'),
(174, 22501, 'GOD TV ASIA 0/', 'FTA', 307, '01 33'),
(175, 22706, 'FRANCE 24 Rs.0/', 'FTA', 312, '01 38'),
(176, 24006, 'MOVIE OPERA LUMIERE 0/', 'LOCAL', 325, '01 45'),
(177, 10711, 'STAR MOVIES 19/', 'STAR', 326, '01 46'),
(178, 11603, '& FLIX 15/', 'ZEE', 327, '01 47'),
(179, 22006, 'MOVIES NOW 10/', 'BENNET COLEMAN', 328, '01 48'),
(180, 10802, 'SONY PIX 10/', 'SONY', 329, '01 49'),
(181, 10710, 'STAR MOVIES SELECT  2/', 'STAR', 330, '01 4A'),
(182, 23905, 'MNX 5/', 'BENNET COLEMAN', 331, '01 4B'),
(183, 10901, 'DISCOVERY 4/', 'DISCOVERY', 351, '01 5F'),
(184, 22515, 'ZEE ZEST 1/', 'ZEE', 352, '01 60'),
(185, 11405, 'HISTORY TV 18 Rs.3/', 'TV 18', 353, '01 61'),
(186, 10705, 'NAT GEO CHANNEL 2/', 'STAR', 354, '01 62'),
(187, 10903, 'ANIMAL PLANET 2/', 'DISCOVERY', 355, '01 63'),
(188, 23806, 'SONY BBC EARTH 3/', 'SONY', 356, '01 64'),
(189, 11301, 'DISCOVERY SCIENCE 1/', 'DISCOVERY', 357, '01 65'),
(190, 10706, 'NG WILD 1/', 'STAR', 358, '01 66'),
(191, 22302, 'EPIC TV 5/', 'IN 10 MEDIA', 359, '01 67'),
(192, 22203, 'DD URDU 0/', 'DD', 360, '01 68'),
(193, 11008, 'DD INDIA 0/', 'DD', 361, '01 69'),
(194, 22705, 'DD BHARATI 0/', 'DD', 363, '01 6B'),
(195, 22013, 'NKTV BANGLA 0/', 'FTA', 174, '00 AE'),
(196, 22505, 'SWAYAM PRABHA 0/', 'DD', 365, '01 6D'),
(197, 12702, 'GYAN DARSHAN 0/', 'DD', 366, '01 6E'),
(198, 11814, 'SHUBHASANDESH 0/', 'FTA', 369, '01 71'),
(199, 12706, 'INDIA TV SN HD 0/', 'DD', 801, '03 21'),
(200, 12707, 'MHRD 28 SHARDA NIOS 0/', 'DD', 371, '01 73'),
(201, 12708, 'MHRD 31 Kishore Manch NCERT 0/', 'DD', 372, '01 74'),
(202, 11513, 'FOX LIFE 1/', 'STAR', 381, '01 7D'),
(203, 10902, 'TLC 2/', 'DISCOVERY', 382, '01 7E'),
(204, 11312, 'DISCOVERY TURBO 1/', 'DISCOVERY', 383, '01 7F'),
(205, 11511, 'NDTV GOOD TIMES 1.50/', 'NDTV', 384, '01 80'),
(206, 10910, 'FASHION TV 0/', 'FTA', 387, '01 83'),
(207, 11616, 'FOOD FOOD 0.30/', 'FOOD FOOD', 389, '01 85'),
(208, 11217, 'TRAVEL XP 3/', 'TRAVEL XP', 395, '01 8B'),
(209, 22810, 'ARIHANT TV 0/', 'FTA', 406, '01 96'),
(210, 22811, 'JINVANI 0/', 'FTA', 407, '01 97'),
(211, 11113, 'AASTHA 0/', 'FTA', 408, '01 98'),
(212, 11508, '35 MM 0/', 'FTA', 409, '01 99'),
(213, 11013, 'AASTHA BHAJAN 0/', 'FTA', 410, '01 9A'),
(214, 12701, 'HARE KRSNA 0/', 'FTA', 411, '01 9B'),
(215, 22010, 'BHAKTI 0/', 'FTA', 412, '01 9C'),
(216, 22914, 'BANGLA BHAKTI 0/', 'FTA', 413, '01 9D'),
(217, 11613, 'BHAKTI SAGAR 0/', 'FTA', 414, '01 9E'),
(218, 22514, 'DIVYA 0/', 'FTA', 416, '01 A0'),
(219, 22210, 'SATSANG 0/', 'FTA', 417, '01 A1'),
(220, 11813, 'SVBC TELEGU 0/', 'FTA', 419, '01 A3'),
(221, 11816, 'SANSKAR 0/', 'FTA', 420, '01 A4'),
(222, 11909, 'SRI SANKARA 0/', 'FTA', 421, '01 A5'),
(223, 11705, 'SUBHARTI 0/', 'FTA', 422, '01 A6'),
(224, 22608, 'MH1 SHRADDHA 0/', 'FTA', 423, '01 A7'),
(225, 22911, 'PARASH 0/', 'FTA', 425, '01 A9'),
(226, 10210, 'PEACE OF MIND 0/', 'FTA', 426, '01 AA'),
(227, 23801, 'DARSHAN 24 Rs.0/', 'FTA', 427, '01 AB'),
(228, 23909, 'SADHANA 0/', 'FTA', 428, '01 AC'),
(229, 15102, 'SANT WANI 0/', 'FTA', 429, '01 AD'),
(230, 23804, 'SIDHARTH BHAKTI 3.46/', 'SIDHARTH TV', 430, '01 AE'),
(231, 11710, 'PARTHANA 2/', 'TARANG BROADCASTER', 431, '01 AF'),
(232, 15123, 'JAY JAGANNATH 5/', 'SIDHARTH TV', 432, '01 B0'),
(233, 11502, 'NICK 6/', 'TV 18', 436, '01 B4'),
(234, 11311, 'POGO 4.25/', 'DISCOVERY', 437, '01 B5'),
(235, 11004, 'DISNEY 10/', 'STAR', 438, '01 B6'),
(236, 11306, 'SONY YAY! 3/', 'SONY', 439, '01 B7'),
(237, 11403, 'CARTOON NETWORK 4.25/', 'DISCOVERY', 440, '01 B8'),
(238, 10805, 'DISCOVERY KIDS 3.5/', 'DISCOVERY', 441, '01 B9'),
(239, 11503, 'SONIC 2/', 'TV 18', 442, '01 BA'),
(240, 11404, 'HUNGAMA 1/', 'STAR', 443, '01 BB'),
(241, 11003, 'SUPER HUNGAMA 4/', 'STAR', 444, '01 BC'),
(242, 15107, 'NICK JUNIOR 1/', 'TV 18', 445, '01 BD'),
(243, 11914, 'DISNEY JUNIOR 4/', 'STAR', 446, '01 BE'),
(244, 11817, 'BALYA BHARAT 4/', 'ETV', 448, '01 C0'),
(245, 11307, 'GUBBARE 3/', 'IN 10 MEDIA', 450, '01 C2'),
(246, 11413, 'MTV 3/', 'TV 18', 462, '01 CE'),
(247, 11815, 'MTV BEATS 0.10/', 'TV 18', 463, '01 CF'),
(248, 11610, 'ZING 0.10/', 'ZEE', 464, '01 D0'),
(249, 11112, '9XM 0/', 'FTA', 465, '01 D1'),
(250, 11901, '9X JALWA 0/', 'FTA', 467, '01 D3'),
(251, 11712, 'MUSIC INDIA 0/', 'FTA', 470, '01 D6'),
(252, 11002, 'SHOW BOX 0.10/', 'IN 10 MEDIA', 471, '01 D7'),
(253, 10307, 'B4U MUSIC 0/', 'FTA', 472, '01 D8'),
(254, 10911, 'MASTII 0/', 'FTA', 473, '01 D9'),
(255, 22611, 'MANORANJAN MOVIES 0/', 'FTA', 476, '01 DC'),
(256, 11501, 'VH1 Rs.1/', 'TV 18', 497, '01 F1'),
(257, 22313, 'INSYNC 0/', 'FTA', 499, '01 F3'),
(258, 22813, 'ASIANET MOVIES 19/', 'STAR', 502, '01 F6'),
(259, 11208, 'ASIANET 19/', 'STAR', 505, '01 F9'),
(260, 11602, 'ASIANET PLUS 7/', 'STAR', 506, '01 FA'),
(261, 22115, 'SURYA TV 12/', 'SUN', 509, '01 FD'),
(262, 15011, 'DD MALAYALAM 0/', 'DD', 508, '01 FC'),
(263, 15210, 'SURYA MUSIC 4/', 'SUN', 511, '01 FF'),
(264, 22704, 'KOCHU TV 5/', 'SUN', 514, '02 02'),
(265, 11910, 'THANTHI TV 0/', 'FTA', 535, '02 17'),
(266, 15012, 'K TV 19/', 'SUN', 518, '02 06'),
(267, 10709, 'STAR VIJAY 19/', 'STAR', 522, '02 0A'),
(268, 11605, 'ZEE TAMIL 19/', 'ZEE', 523, '02 0B'),
(269, 15108, 'SUN TV 19/', 'SUN', 524, '02 0C'),
(270, 22017, 'SUN LIFE 9/', 'SUN', 525, '02 0D'),
(271, 15009, 'ADITHYA TV 9/', 'SUN', 526, '02 0E'),
(272, 23910, 'RAJ TV 4/', 'RAJ', 527, '02 0F'),
(273, 22205, 'DD PODHIGAI 0/', 'DD', 528, '02 10'),
(274, 12704, 'DD YADAGIRI 0/', 'DD', 536, '02 18'),
(275, 22018, 'SUN MUSIC 6/', 'SUN', 538, '02 1A'),
(276, 22116, 'CHUTTI TV 6/', 'SUN', 542, '02 1E'),
(277, 22803, 'SUN NEWS 1/', 'SUN', 544, '02 20'),
(278, 23305, 'STAR SUVARNA PLUS 5/', 'STAR', 547, '02 23'),
(279, 22114, 'UDAYA MOVIES 19/', 'SUN', 549, '02 25'),
(280, 11601, 'STAR SUVARNA 19/', 'STAR', 551, '02 27'),
(281, 11912, 'ZEE KANNADA 19/', 'ZEE', 552, '02 28'),
(282, 23809, 'COLORS KANADA 19/', 'TV 18', 553, '02 29'),
(283, 15010, 'UDAYA TV 19/', 'SUN', 554, '02 2A'),
(284, 22201, 'DD CHANDANA 0/', 'DD', 555, '02 2B'),
(285, 11606, 'ZEE SALAAM 0.10/', 'ZEE', 562, '02 32'),
(286, 10204, 'NEWS18 JKLHP 0.10/', 'TV 18', 563, '02 33'),
(287, 15013, 'SURYA MOVIES 11/', 'SUN', 564, '02 34'),
(288, 22311, 'DD KASHIR 0/', 'DD', 565, '02 35'),
(289, 22211, 'HOPE CHANNEL 0/', 'FTA', 566, '02 36'),
(290, 22113, 'WIN CHANNEL 0/', 'FTA', 567, '02 37'),
(291, 23907, 'ALANKAR MOVIES 4/', 'TARANG BROADCASTER', 572, '02 3C'),
(292, 11116, 'SIDHARTH GOLD  3.46/', 'SIDHARTH TV', 573, '02 3D'),
(293, 11709, 'TARANG 14/', 'TARANG BROADCASTER', 576, '02 40'),
(294, 11117, 'ZEE SARTHAK 19/', 'ZEE', 577, '02 41'),
(295, 11408, 'COLORS ORIYA 6/', 'TV 18', 578, '02 42'),
(296, 23601, 'SIDHARTH TV 14/', 'SIDHARTH TV', 579, '02 43'),
(297, 22612, 'STAR KIRANO 12/', 'STAR', 580, '02 44'),
(298, 22511, 'DD ORIYA 0/', 'DD', 581, '02 45'),
(299, 22910, 'ODISHA TV 0/', 'TARANG BROADCASTER', 582, '02 46'),
(300, 11402, 'NEWS 18 ODIA 0.10/', 'TV 18', 583, '02 47'),
(301, 23810, 'KALINGA TV 0/', 'FTA', 584, '02 48'),
(302, 10303, 'ARGUS 0/', 'FTA', 585, '02 49'),
(303, 22708, 'MBC 0/', 'FTA', 586, '02 4A'),
(304, 11711, 'TARANG MUSIC 2/', 'TARANG BROADCASTER', 587, '02 4B'),
(305, 11506, 'COLORS GUJRATI 6/', 'TV 18', 589, '02 4D'),
(306, 22202, 'DD GIRNAR 0/', 'DD', 590, '02 4E'),
(307, 15120, 'ZEE 24 KALAK 0.10/', 'ZEE', 591, '02 4F'),
(308, 24009, 'ZEE RAJASTHAN 	0.10/-', 'ZEE', 595, '02 53'),
(309, 11512, 'STAR PRAVAH 19/', 'STAR', 599, '02 57'),
(310, 11105, 'ZEE TALKIES 9/', 'ZEE', 606, '02 5E'),
(311, 10206, 'ZEE MARATHI 19/', 'ZEE', 600, '02 58'),
(312, 15209, 'COLORS MARATHI 10/', 'TV 18', 602, '02 5A'),
(313, 11701, 'SONY MARATHI 5.5/', 'SONY', 603, '02 5B'),
(314, 23807, 'MAIBOLI 0/', 'FTA', 604, '02 5C'),
(315, 23805, 'DD SAHYADRI 0/', 'DD', 605, '02 5D'),
(316, 23904, 'SANGEET MARATHI 0/', 'FTA', 607, '02 5F'),
(317, 22603, 'ZEE 24 TAAS 0.10/', 'ZEE', 608, '02 60'),
(318, 11905, 'ABP MAJHA 0/', 'FTA', 609, '02 61'),
(319, 22513, 'PITAARA 0/', 'FTA', 611, '02 63'),
(320, 11604, 'ZEE PUNJABI 10/', 'ZEE', 612, '02 64'),
(321, 22003, 'PTC CHAKDE 0/', 'FTA', 613, '02 65'),
(322, 22206, 'DD PUNJABI 0/', 'DD', 614, '02 66'),
(323, 11911, 'PTC PUNJABI 0/', 'FTA', 615, '02 67'),
(324, 22004, 'PTC NEWS 0/', 'FTA', 616, '02 68'),
(325, 11207, 'MH1 MUSIC 0/', 'FTA', 617, '02 69'),
(326, 11902, '9X TASHAN 0/', 'FTA', 618, '02 6A'),
(327, 11913, '9X JHAKAAS 0/', 'FTA', 619, '02 6B'),
(328, 12705, 'PTC SIMRAN 0/', 'FTA', 620, '02 6C'),
(329, 22001, 'ZEE PUNJAB 0.10/', 'ZEE', 621, '02 6D'),
(330, 15003, 'MAA MOVIES 19/', 'STAR', 625, '02 71'),
(331, 22110, 'MAA GOLD 7/', 'STAR', 626, '02 72'),
(332, 11903, 'ZEE TELEGU 19/', 'ZEE', 627, '02 73'),
(333, 22905, 'MAA TV 19/', 'STAR', 628, '02 74'),
(334, 10302, 'ETV CINEMA 13/', 'ETV', 629, '02 75'),
(335, 22802, 'GEMINI TV 19/', 'SUN', 630, '02 76'),
(336, 15211, 'GEMINI COMEDY 5/', 'SUN', 631, '02 77'),
(337, 10309, 'GEMINI LIFE 5/', 'SUN', 632, '02 78'),
(338, 10703, 'ETV TELEGU 19/', 'ETV', 633, '02 79'),
(339, 22502, 'ETV ANDHRA 2/', 'ETV', 634, '02 7A'),
(340, 22208, 'DD SAPTAGIRI 0/', 'DD', 635, '02 7B'),
(341, 11707, 'ETV PLUS 11/', 'ETV', 636, '02 7C'),
(342, 22301, 'ETV ABHIRUCHI 3/', 'ETV', 637, '02 7D'),
(343, 22602, 'ETV LIFE 2/', 'ETV', 638, '02 7E'),
(344, 11310, 'ETV TALANGANA 2/', 'ETV', 639, '02 7F'),
(345, 22510, 'MAA MUSIC 4/', 'STAR', 640, '02 80'),
(346, 22806, 'GEMINI MUSIC 4/', 'SUN', 641, '02 81'),
(347, 15007, 'GEMINI MOVIES 17/', 'SUN', 642, '02 82'),
(348, 23003, 'ZEE CINEMALU 10/', 'ZEE', 643, '02 83'),
(349, 22011, 'TV9 TELEGU 0/', 'FTA', 645, '02 85'),
(350, 15014, 'KHUSHI TV 4/', 'SUN', 647, '02 87'),
(351, 22204, 'DD NORTH EAST 0/', 'DD', 649, '02 89'),
(352, 15004, 'PRAG NEWS 0/', 'FTA', 650, '02 8A'),
(353, 23803, 'DY 365 Rs.0/', 'FTA', 651, '02 8B'),
(354, 23906, 'PRATIDIN 0/', 'FTA', 653, '02 8D'),
(355, 12703, 'ARUN PRABHA 0/', 'DD', 654, '02 8E'),
(356, 11708, 'ZEE GANGA 0.50/', 'ZEE', 659, '02 93'),
(357, 22601, 'ZEE BISKOPE 0.10/', 'ZEE', 660, '02 94'),
(358, 11904, 'SANGEET BHOJPURI 0/', 'FTA', 661, '02 95'),
(359, 10908, 'OSCAR MOVIES 0/', 'FTA', 663, '02 97'),
(360, 22607, 'ANJAN TV 0/', 'FTA', 664, '02 98'),
(361, 22613, 'FILAMCHI 0.25/', 'IN 10 MEDIA', 665, '02 99'),
(362, 11214, 'B4U BHOJPURI 0/', 'FTA', 666, '02 9A'),
(363, 10202, 'B4U KADAK 0/', 'FTA', 667, '02 9B'),
(364, 11110, 'BHOJPURI CINEMA 0/', 'FTA', 668, '02 9C'),
(365, 22606, 'NEPAL 1 Rs.0/', 'FTA', 669, '02 9D'),
(366, 22213, 'EWTN AFRICA INDIA 0/', 'FTA', 670, '02 9E'),
(367, 22109, 'CGTN 0/', 'FTA', 671, '02 9F'),
(368, 23103, 'STAR GOLD HD 19/', 'STAR', 693, '02 B5'),
(369, 23404, 'ZEE CINEMA HD 19/', 'ZEE', 694, '02 B6'),
(370, 23403, 'MAX HD 19/', 'SONY', 695, '02 B7'),
(371, 15902, 'CINEPLEX HD 5/', 'TV 18', 696, '02 B8'),
(372, 23501, '& PICTURES HD 19/', 'ZEE', 697, '02 B9'),
(373, 23722, 'STAR GOLD SELECT HD 8/', 'STAR', 698, '02 BA'),
(374, 23203, '& XPLOR HD 4/', 'ZEE', 699, '02 BB'),
(375, 23101, 'STAR GOLD 2 HD 4/', 'STAR', 700, '02 BC'),
(376, 23104, 'STAR PLUS HD 19/', 'STAR', 714, '02 CA'),
(377, 23626, 'SET HD 19/', 'SONY', 715, '02 CB'),
(378, 23405, 'ZEE TV HD 19/', 'ZEE', 716, '02 CC'),
(379, 23304, 'COLORS HD 19/', 'TV 18', 717, '02 CD'),
(380, 23623, 'SAB HD 19/', 'SONY', 718, '02 CE'),
(381, 22406, '& TV HD 19/', 'ZEE', 719, '02 CF'),
(382, 23206, 'STAR BHARAT HD 19/', 'STAR', 720, '02 D0'),
(383, 23507, 'ID HD 2/', 'DISCOVERY', 722, '02 D2'),
(384, 23503, 'STAR JALSHA HD 19/', 'STAR', 734, '02 DE'),
(385, 22711, 'ZEE BANGLA HD 19/', 'ZEE', 735, '02 DF'),
(386, 22402, 'COLORS BANGLA HD 14/', 'TV 18', 736, '02 E0'),
(387, 23504, 'JALSHA MOVIES HD 19/', 'STAR', 744, '02 E8'),
(388, 23102, 'STAR SPORTS 1 HD 19/', 'STAR', 756, '02 F4'),
(389, 23105, 'STAR SPORTS 2 HD 19/', 'STAR', 757, '02 F5'),
(390, 23506, 'STAR SPORTS 1 HINDI HD 19/', 'STAR', 758, '02 F6'),
(391, 23106, 'SONY SPORTS1 HD 19/', 'SONY', 759, '02 F7'),
(392, 23201, 'SONY SPORTS2 HD 19/', 'SONY', 760, '02 F8'),
(393, 23306, 'SONY SPORTS 5 HD 19/', 'SONY', 761, '02 F9'),
(394, 23703, 'SONY SPORTS3 HD 19/', 'SONY', 762, '02 FA'),
(395, 26001, 'EUROSPORT HD 5.5/', 'DISCOVERY', 763, '02 FB'),
(396, 15111, 'STAR SPORTS SELECT 1 HD 19/', 'STAR', 764, '02 FC'),
(397, 15112, 'STAR SPORTS SELECT 2 HD 10/', 'STAR', 765, '02 FD'),
(398, 23005, 'SPORTS 18 1 HD 10/', 'TV 18', 766, '02 FE'),
(399, 23406, 'TIMES NOW WORLD HD 3/', 'BENNET COLEMAN', 779, '03 0B'),
(400, 23208, 'CNBC TV18 HD 1/', 'TV 18', 780, '03 0C'),
(401, 15904, 'AAJ TAK HD 2/', 'TV TODAY', 799, '03 1F'),
(402, 22401, 'T N NAVBHARAT HD 1.50/', 'BENNET COLEMAN', 800, '03 20'),
(403, 23713, 'VH1 HD 2/', 'TV 18', 809, '03 29'),
(404, 23625, 'ZEE CAFE HD 10/', 'ZEE', 811, '03 2B'),
(405, 23622, 'DISNEY INTERNATIONAL HD 14/', 'STAR', 812, '03 2C'),
(406, 22614, 'COMEDY CENTRAL HD 9/', 'TV 18', 813, '03 2D'),
(407, 23402, 'COLORS INFINITY HD 9/', 'TV 18', 816, '03 30'),
(408, 23007, '& PRIVE HD 6/', 'ZEE', 824, '03 38'),
(409, 23505, '& FLIX HD 19/', 'ZEE', 822, '03 36'),
(410, 15903, 'MOVIES NOW HD 12/', 'BENNET COLEMAN', 826, '03 3A'),
(411, 22517, 'MNX HD 9/', 'BENNET COLEMAN', 827, '03 3B'),
(412, 22403, 'STAR MOVIES SELECT HD 19/', 'STAR', 825, '03 39'),
(413, 22709, 'STAR MOVIES HD 19/', 'STAR', 821, '03 35'),
(414, 22710, 'SONY PIX HD 19/', 'SONY', 823, '03 37'),
(415, 23302, 'MN+ HD 8/', 'BENNET COLEMAN', 828, '03 3C'),
(416, 23301, 'SONY BBC EARTH HD 19/', 'SONY', 840, '03 48'),
(417, 23207, 'HISTORY TV 18 HD 7/', 'TV 18', 841, '03 49'),
(418, 23401, 'DISCOVERY HDWORLD 8/', 'DISCOVERY', 842, '03 4A'),
(419, 23001, 'NGC HD 14/', 'STAR', 843, '03 4B'),
(420, 23611, 'NG WILD HD 8/', 'STAR', 844, '03 4C'),
(421, 23710, 'ANIMAL PLANET HD 5/', 'DISCOVERY', 845, '03 4D'),
(422, 23307, 'TLC HD WORLD 3/', 'DISCOVERY', 854, '03 56'),
(423, 23004, 'FOX LIFE HD 2/', 'STAR', 855, '03 57'),
(424, 23624, 'TRAVEL XP HD 9/', 'TRAVEL XP', 856, '03 58'),
(425, 26003, 'ZEE ZEST HD 10/', 'ZEE', 857, '03 59'),
(426, 23621, 'SUN BANGLA HD 0/', 'ZEE', 737, '02 E1'),
(427, 22405, 'NICK HD 10/', 'TV 18', 864, '03 60'),
(428, 25601, 'CARTOON NETWORK HD 10/', 'DISCOVERY', 865, '03 61'),
(429, 23502, 'DISNEY CHANNEL HD 12/', 'STAR', 866, '03 62'),
(430, 23723, 'MTV HD 5/', 'TV 18', 874, '03 6A'),
(431, 23712, 'MTV BEATS HD 1/', 'TV 18', 875, '03 6B'),
(432, 23205, 'NHK WORLD HD 0/', 'FTA', 889, '03 79'),
(433, 15701, 'SUN TV HD 19/', 'SUN', 899, '03 83'),
(434, 15702, 'SUN MUSIC HD 19/', 'SUN', 900, '03 84'),
(435, 15703, 'UDAYA TV HD 19/', 'SUN', 904, '03 88'),
(436, 15704, 'ZEE TALKIES HD 19/', 'ZEE', 907, '03 8B'),
(437, 15801, 'ZEE MARATHI HD 19/', 'ZEE', 908, '03 8C'),
(438, 23711, 'MAA MOVIES HD 19/', 'STAR', 911, '03 8F'),
(439, 15802, 'MAA TV HD 21/', 'STAR', 912, '03 90'),
(440, 15803, 'GEMINI TV HD 19/', 'SUN', 913, '03 91'),
(441, 25101, 'STAR KIRANO HD 15/', 'STAR', 921, '03 99'),
(442, 15116, 'TEST SD1', 'NONE', 922, '03 9A'),
(443, 15117, 'TEST SD2', 'NONE', 924, '03 9C'),
(444, 15118, 'TEST SD4', 'NONE', 926, '03 9E'),
(445, 23006, 'ZEE CINEMALU HD 19/', 'NONE', 916, '03 94'),
(446, 15121, 'TEST SD6', 'NONE', 929, '03 A1'),
(447, 22306, 'ZEE PICCHAR 10/', 'NONE', 548, '02 24'),
(448, 15804, 'ZEE TAMIL HD 19/', 'NONE', 901, '03 85'),
(449, 22408, 'ZEE THIRAI 10', 'NONE', 519, '02 07'),
(450, 25000, 'ZEE KERALAM 10/', 'NONE', 507, '01 FB'),
(451, 25001, 'SPORTS 18 2', 'NONE', 150, '00 96'),
(452, 25002, 'SPORTS 18 3', 'NONE', 151, '00 97'),
(453, 11906, 'ZEE YUVA 1/', 'NONE', 601, '02 59'),
(454, 15204, 'TEST HD4', 'NONE', 981, '03 D5'),
(455, 15202, 'TEST HD3', 'NONE', 982, '03 D6'),
(456, 15205, 'TEST HD5', 'NONE', 983, '03 D7'),
(457, 11308, 'TEST HD1', 'NONE', 984, '03 D8'),
(458, 15113, 'TEST HD2', 'NONE', 985, '03 D9'),
(459, 26004, 'TEST_EPG', 'NONE', 987, '03 DB'),
(460, 26002, 'TEST_7613', 'NONE', 998, '03 E6'),
(461, 11304, 'CUSTOMER CARE 0/', 'LOCAL', 999, '03 E7'),
(462, 22015, 'AIR RAINBOW 0/', 'DD', 1002, '03 EA'),
(463, 22016, 'AIR HINDI 0/', 'DD', 1003, '03 EB'),
(464, 22315, 'AIR PUNJABI 0/', 'DD', 1004, '03 EC'),
(465, 22506, 'AIR BANGLA 0/', 'DD', 1005, '03 ED'),
(466, 22314, 'AIR TAMI 0/', 'DD', 1006, '03 EE'),
(467, 15109, 'FM GOLD 0/', 'DD', 1007, '03 EF');

-- --------------------------------------------------------

--
-- Table structure for table `city_tb`
--

DROP TABLE IF EXISTS `city_tb`;
CREATE TABLE `city_tb` (
  `city_id` int(3) NOT NULL,
  `city_name` varchar(255) NOT NULL,
  `db_name` varchar(255) NOT NULL
) ENGINE=InnoDB DEFAULT CHARSET=latin1;

--
-- Dumping data for table `city_tb`
--

INSERT INTO `city_tb` (`city_id`, `city_name`, `db_name`) VALUES
(1, 'Kolkata', 'meghbela_lcn_db_kol'),
(2, 'Bankura', 'meghbela_lcn_db_bqa'),
(3, 'Berhampore', 'meghbela_lcn_db_bpc'),
(4, 'Haldia', 'meghbela_lcn_db_hlz');

-- --------------------------------------------------------

--
-- Table structure for table `lcn_tb`
--

DROP TABLE IF EXISTS `lcn_tb`;
CREATE TABLE `lcn_tb` (
  `lcn` int(5) NOT NULL,
  `genre` varchar(255) NOT NULL,
  `lcnhex` varchar(255) NOT NULL
) ENGINE=InnoDB DEFAULT CHARSET=latin1;

--
-- Dumping data for table `lcn_tb`
--

INSERT INTO `lcn_tb` (`lcn`, `genre`, `lcnhex`) VALUES
(1, 'HINDI MOVIES', '00 01'),
(2, 'HINDI MOVIES', '00 02'),
(3, 'HINDI MOVIES', '00 03'),
(4, 'HINDI MOVIES', '00 04'),
(5, 'HINDI MOVIES', '00 05'),
(6, 'HINDI MOVIES', '00 06'),
(7, 'HINDI MOVIES', '00 07'),
(8, 'HINDI MOVIES', '00 08'),
(9, 'HINDI MOVIES', '00 09'),
(10, 'HINDI MOVIES', '00 0A'),
(11, 'HINDI MOVIES', '00 0B'),
(12, 'HINDI MOVIES', '00 0C'),
(13, 'HINDI MOVIES', '00 0D'),
(14, 'HINDI MOVIES', '00 0E'),
(15, 'HINDI MOVIES', '00 0F'),
(16, 'HINDI MOVIES', '00 10'),
(17, 'HINDI MOVIES', '00 11'),
(18, 'HINDI MOVIES', '00 12'),
(19, 'HINDI MOVIES', '00 13'),
(20, 'HINDI MOVIES', '00 14'),
(21, 'HINDI MOVIES', '00 15'),
(22, 'HINDI MOVIES', '00 16'),
(23, 'HINDI MOVIES', '00 17'),
(24, 'HINDI MOVIES', '00 18'),
(25, 'HINDI MOVIES', '00 19'),
(26, 'HINDI MOVIES', '00 1A'),
(27, 'HINDI MOVIES', '00 1B'),
(28, 'HINDI MOVIES', '00 1C'),
(29, 'HINDI MOVIES', '00 1D'),
(30, 'HINDI MOVIES', '00 1E'),
(31, 'HINDI MOVIES', '00 1F'),
(32, 'HINDI MOVIES', '00 20'),
(33, 'HINDI MOVIES', '00 21'),
(34, 'HINDI MOVIES', '00 22'),
(35, 'HINDI MOVIES', '00 23'),
(36, 'HINDI MOVIES', '00 24'),
(37, 'HINDI MOVIES', '00 25'),
(38, 'HINDI MOVIES', '00 26'),
(39, 'HINDI MOVIES', '00 27'),
(40, 'HINDI MOVIES', '00 28'),
(41, 'HINDI GEC', '00 29'),
(42, 'HINDI GEC', '00 2A'),
(43, 'HINDI GEC', '00 2B'),
(44, 'HINDI GEC', '00 2C'),
(45, 'HINDI GEC', '00 2D'),
(46, 'HINDI GEC', '00 2E'),
(47, 'HINDI GEC', '00 2F'),
(48, 'HINDI GEC', '00 30'),
(49, 'HINDI GEC', '00 31'),
(50, 'HINDI GEC', '00 32'),
(51, 'HINDI GEC', '00 33'),
(52, 'HINDI GEC', '00 34'),
(53, 'HINDI GEC', '00 35'),
(54, 'HINDI GEC', '00 36'),
(55, 'HINDI GEC', '00 37'),
(56, 'HINDI GEC', '00 38'),
(57, 'HINDI GEC', '00 39'),
(58, 'HINDI GEC', '00 3A'),
(59, 'HINDI GEC', '00 3B'),
(60, 'HINDI GEC', '00 3C'),
(61, 'HINDI GEC', '00 3D'),
(62, 'HINDI GEC', '00 3E'),
(63, 'HINDI GEC', '00 3F'),
(64, 'HINDI GEC', '00 40'),
(65, 'HINDI GEC', '00 41'),
(66, 'HINDI GEC', '00 42'),
(67, 'HINDI GEC', '00 43'),
(68, 'HINDI GEC', '00 44'),
(69, 'HINDI GEC', '00 45'),
(70, 'HINDI GEC', '00 46'),
(71, 'HINDI GEC', '00 47'),
(72, 'HINDI GEC', '00 48'),
(73, 'HINDI GEC', '00 49'),
(74, 'HINDI GEC', '00 4A'),
(75, 'HINDI GEC', '00 4B'),
(76, 'HINDI GEC', '00 4C'),
(77, 'HINDI GEC', '00 4D'),
(78, 'HINDI GEC', '00 4E'),
(79, 'HINDI GEC', '00 4F'),
(80, 'HINDI GEC', '00 50'),
(81, 'BENGALI GEC', '00 51'),
(82, 'BENGALI GEC', '00 52'),
(83, 'BENGALI GEC', '00 53'),
(84, 'BENGALI GEC', '00 54'),
(85, 'BENGALI GEC', '00 55'),
(86, 'BENGALI GEC', '00 56'),
(87, 'BENGALI GEC', '00 57'),
(88, 'BENGALI GEC', '00 58'),
(89, 'BENGALI GEC', '00 59'),
(90, 'BENGALI GEC', '00 5A'),
(91, 'BENGALI GEC', '00 5B'),
(92, 'BENGALI GEC', '00 5C'),
(93, 'BENGALI GEC', '00 5D'),
(94, 'BENGALI GEC', '00 5E'),
(95, 'BENGALI GEC', '00 5F'),
(96, 'BENGALI GEC', '00 60'),
(97, 'BENGALI GEC', '00 61'),
(98, 'BENGALI GEC', '00 62'),
(99, 'BENGALI GEC', '00 63'),
(100, 'BENGALI GEC', '00 64'),
(101, 'BENGALI GEC', '00 65'),
(102, 'BENGALI GEC', '00 66'),
(103, 'BENGALI GEC', '00 67'),
(104, 'BENGALI GEC', '00 68'),
(105, 'BENGALI GEC', '00 69'),
(106, 'BENGALI GEC', '00 6A'),
(107, 'BENGALI GEC', '00 6B'),
(108, 'BENGALI GEC', '00 6C'),
(109, 'BENGALI GEC', '00 6D'),
(110, 'BENGALI GEC', '00 6E'),
(111, 'BENGALI GEC', '00 6F'),
(112, 'BENGALI GEC', '00 70'),
(113, 'BENGALI GEC', '00 71'),
(114, 'BENGALI GEC', '00 72'),
(115, 'BENGALI GEC', '00 73'),
(116, 'BENGALI GEC', '00 74'),
(117, 'BENGALI GEC', '00 75'),
(118, 'BENGALI GEC', '00 76'),
(119, 'BENGALI GEC', '00 77'),
(120, 'BENGALI GEC', '00 78'),
(121, 'BENGALI MOVIES', '00 79'),
(122, 'BENGALI MOVIES', '00 7A'),
(123, 'BENGALI MOVIES', '00 7B'),
(124, 'BENGALI MOVIES', '00 7C'),
(125, 'BENGALI MOVIES', '00 7D'),
(126, 'BENGALI MOVIES', '00 7E'),
(127, 'BENGALI MOVIES', '00 7F'),
(128, 'BENGALI MOVIES', '00 80'),
(129, 'BENGALI MOVIES', '00 81'),
(130, 'BENGALI MOVIES', '00 82'),
(131, 'BENGALI MOVIES', '00 83'),
(132, 'BENGALI MOVIES', '00 84'),
(133, 'BENGALI MOVIES', '00 85'),
(134, 'BENGALI MOVIES', '00 86'),
(135, 'BENGALI MOVIES', '00 87'),
(136, 'SPORTS', '00 88'),
(137, 'SPORTS', '00 89'),
(138, 'SPORTS', '00 8A'),
(139, 'SPORTS', '00 8B'),
(140, 'SPORTS', '00 8C'),
(141, 'SPORTS', '00 8D'),
(142, 'SPORTS', '00 8E'),
(143, 'SPORTS', '00 8F'),
(144, 'SPORTS', '00 90'),
(145, 'SPORTS', '00 91'),
(146, 'SPORTS', '00 92'),
(147, 'SPORTS', '00 93'),
(148, 'SPORTS', '00 94'),
(149, 'SPORTS', '00 95'),
(150, 'SPORTS', '00 96'),
(151, 'SPORTS', '00 97'),
(152, 'SPORTS', '00 98'),
(153, 'SPORTS', '00 99'),
(154, 'SPORTS', '00 9A'),
(155, 'SPORTS', '00 9B'),
(156, 'SPORTS', '00 9C'),
(157, 'SPORTS', '00 9D'),
(158, 'SPORTS', '00 9E'),
(159, 'SPORTS', '00 9F'),
(160, 'SPORTS', '00 A0'),
(161, 'SPORTS', '00 A1'),
(162, 'SPORTS', '00 A2'),
(163, 'SPORTS', '00 A3'),
(164, 'SPORTS', '00 A4'),
(165, 'BENGALI NEWS', '00 A5'),
(166, 'BENGALI NEWS', '00 A6'),
(167, 'BENGALI NEWS', '00 A7'),
(168, 'BENGALI NEWS', '00 A8'),
(169, 'BENGALI NEWS', '00 A9'),
(170, 'BENGALI NEWS', '00 AA'),
(171, 'BENGALI NEWS', '00 AB'),
(172, 'BENGALI NEWS', '00 AC'),
(173, 'BENGALI NEWS', '00 AD'),
(174, 'BENGALI NEWS', '00 AE'),
(175, 'BENGALI NEWS', '00 AF'),
(176, 'BENGALI NEWS', '00 B0'),
(177, 'BENGALI NEWS', '00 B1'),
(178, 'BENGALI NEWS', '00 B2'),
(179, 'BENGALI NEWS', '00 B3'),
(180, 'BENGALI NEWS', '00 B4'),
(181, 'BENGALI NEWS', '00 B5'),
(182, 'BENGALI NEWS', '00 B6'),
(183, 'BENGALI NEWS', '00 B7'),
(184, 'BENGALI NEWS', '00 B8'),
(185, 'BENGALI NEWS', '00 B9'),
(186, 'BENGALI NEWS', '00 BA'),
(187, 'BENGALI NEWS', '00 BB'),
(188, 'BENGALI NEWS', '00 BC'),
(189, 'BENGALI NEWS', '00 BD'),
(190, 'BENGALI NEWS', '00 BE'),
(191, 'BENGALI NEWS', '00 BF'),
(192, 'BENGALI NEWS', '00 C0'),
(193, 'BENGALI NEWS', '00 C1'),
(194, 'BENGALI NEWS', '00 C2'),
(195, 'BENGALI NEWS', '00 C3'),
(196, 'BENGALI NEWS', '00 C4'),
(197, 'BENGALI NEWS', '00 C5'),
(198, 'BENGALI NEWS', '00 C6'),
(199, 'BENGALI NEWS', '00 C7'),
(200, 'BENGALI NEWS', '00 C8'),
(201, 'BENGALI NEWS', '00 C9'),
(202, 'BENGALI NEWS', '00 CA'),
(203, 'BENGALI NEWS', '00 CB'),
(204, 'BENGALI NEWS', '00 CC'),
(205, 'BENGALI NEWS', '00 CD'),
(206, 'ENGLISH NEWS', '00 CE'),
(207, 'ENGLISH NEWS', '00 CF'),
(208, 'ENGLISH NEWS', '00 D0'),
(209, 'ENGLISH NEWS', '00 D1'),
(210, 'ENGLISH NEWS', '00 D2'),
(211, 'ENGLISH NEWS', '00 D3'),
(212, 'ENGLISH NEWS', '00 D4'),
(213, 'ENGLISH NEWS', '00 D5'),
(214, 'ENGLISH NEWS', '00 D6'),
(215, 'ENGLISH NEWS', '00 D7'),
(216, 'ENGLISH NEWS', '00 D8'),
(217, 'ENGLISH NEWS', '00 D9'),
(218, 'ENGLISH NEWS', '00 DA'),
(219, 'ENGLISH NEWS', '00 DB'),
(220, 'ENGLISH NEWS', '00 DC'),
(221, 'ENGLISH NEWS', '00 DD'),
(222, 'ENGLISH NEWS', '00 DE'),
(223, 'ENGLISH NEWS', '00 DF'),
(224, 'ENGLISH NEWS', '00 E0'),
(225, 'ENGLISH NEWS', '00 E1'),
(226, 'ENGLISH NEWS', '00 E2'),
(227, 'ENGLISH NEWS', '00 E3'),
(228, 'ENGLISH NEWS', '00 E4'),
(229, 'ENGLISH NEWS', '00 E5'),
(230, 'ENGLISH NEWS', '00 E6'),
(231, 'ENGLISH NEWS', '00 E7'),
(232, 'ENGLISH NEWS', '00 E8'),
(233, 'ENGLISH NEWS', '00 E9'),
(234, 'ENGLISH NEWS', '00 EA'),
(235, 'ENGLISH NEWS', '00 EB'),
(236, 'ENGLISH NEWS', '00 EC'),
(237, 'ENGLISH NEWS', '00 ED'),
(238, 'ENGLISH NEWS', '00 EE'),
(239, 'ENGLISH NEWS', '00 EF'),
(240, 'ENGLISH NEWS', '00 F0'),
(241, 'ENGLISH NEWS', '00 F1'),
(242, 'ENGLISH NEWS', '00 F2'),
(243, 'ENGLISH NEWS', '00 F3'),
(244, 'ENGLISH NEWS', '00 F4'),
(245, 'ENGLISH NEWS', '00 F5'),
(246, 'BUSINESS NEWS', '00 F6'),
(247, 'BUSINESS NEWS', '00 F7'),
(248, 'BUSINESS NEWS', '00 F8'),
(249, 'BUSINESS NEWS', '00 F9'),
(250, 'BUSINESS NEWS', '00 FA'),
(251, 'BUSINESS NEWS', '00 FB'),
(252, 'BUSINESS NEWS', '00 FC'),
(253, 'BUSINESS NEWS', '00 FD'),
(254, 'BUSINESS NEWS', '00 FE'),
(255, 'BUSINESS NEWS', '00 FF'),
(256, 'BUSINESS NEWS', '01 00'),
(257, 'BUSINESS NEWS', '01 01'),
(258, 'BUSINESS NEWS', '01 02'),
(259, 'BUSINESS NEWS', '01 03'),
(260, 'BUSINESS NEWS', '01 04'),
(261, 'BUSINESS NEWS', '01 05'),
(262, 'HINDI NEWS', '01 06'),
(263, 'HINDI NEWS', '01 07'),
(264, 'HINDI NEWS', '01 08'),
(265, 'HINDI NEWS', '01 09'),
(266, 'HINDI NEWS', '01 0A'),
(267, 'HINDI NEWS', '01 0B'),
(268, 'HINDI NEWS', '01 0C'),
(269, 'HINDI NEWS', '01 0D'),
(270, 'HINDI NEWS', '01 0E'),
(271, 'HINDI NEWS', '01 0F'),
(272, 'HINDI NEWS', '01 10'),
(273, 'HINDI NEWS', '01 11'),
(274, 'HINDI NEWS', '01 12'),
(275, 'HINDI NEWS', '01 13'),
(276, 'HINDI NEWS', '01 14'),
(277, 'HINDI NEWS', '01 15'),
(278, 'HINDI NEWS', '01 16'),
(279, 'HINDI NEWS', '01 17'),
(280, 'HINDI NEWS', '01 18'),
(281, 'HINDI NEWS', '01 19'),
(282, 'HINDI NEWS', '01 1A'),
(283, 'HINDI NEWS', '01 1B'),
(284, 'HINDI NEWS', '01 1C'),
(285, 'HINDI NEWS', '01 1D'),
(286, 'HINDI NEWS', '01 1E'),
(287, 'HINDI NEWS', '01 1F'),
(288, 'HINDI NEWS', '01 20'),
(289, 'HINDI NEWS', '01 21'),
(290, 'HINDI NEWS', '01 22'),
(291, 'HINDI NEWS', '01 23'),
(292, 'HINDI NEWS', '01 24'),
(293, 'HINDI NEWS', '01 25'),
(294, 'HINDI NEWS', '01 26'),
(295, 'HINDI NEWS', '01 27'),
(296, 'HINDI NEWS', '01 28'),
(297, 'ENGLISH GEC', '01 29'),
(298, 'ENGLISH GEC', '01 2A'),
(299, 'ENGLISH GEC', '01 2B'),
(300, 'ENGLISH GEC', '01 2C'),
(301, 'ENGLISH GEC', '01 2D'),
(302, 'ENGLISH GEC', '01 2E'),
(303, 'ENGLISH GEC', '01 2F'),
(304, 'ENGLISH GEC', '01 30'),
(305, 'ENGLISH GEC', '01 31'),
(306, 'ENGLISH GEC', '01 32'),
(307, 'ENGLISH GEC', '01 33'),
(308, 'ENGLISH GEC', '01 34'),
(309, 'ENGLISH GEC', '01 35'),
(310, 'ENGLISH GEC', '01 36'),
(311, 'ENGLISH GEC', '01 37'),
(312, 'ENGLISH GEC', '01 38'),
(313, 'ENGLISH GEC', '01 39'),
(314, 'ENGLISH GEC', '01 3A'),
(315, 'ENGLISH GEC', '01 3B'),
(316, 'ENGLISH GEC', '01 3C'),
(317, 'ENGLISH GEC', '01 3D'),
(318, 'ENGLISH GEC', '01 3E'),
(319, 'ENGLISH GEC', '01 3F'),
(320, 'ENGLISH GEC', '01 40'),
(321, 'ENGLISH GEC', '01 41'),
(322, 'ENGLISH GEC', '01 42'),
(323, 'ENGLISH GEC', '01 43'),
(324, 'ENGLISH GEC', '01 44'),
(325, 'ENGLISH MOVIES', '01 45'),
(326, 'ENGLISH MOVIES', '01 46'),
(327, 'ENGLISH MOVIES', '01 47'),
(328, 'ENGLISH MOVIES', '01 48'),
(329, 'ENGLISH MOVIES', '01 49'),
(330, 'ENGLISH MOVIES', '01 4A'),
(331, 'ENGLISH MOVIES', '01 4B'),
(332, 'ENGLISH MOVIES', '01 4C'),
(333, 'ENGLISH MOVIES', '01 4D'),
(334, 'ENGLISH MOVIES', '01 4E'),
(335, 'ENGLISH MOVIES', '01 4F'),
(336, 'ENGLISH MOVIES', '01 50'),
(337, 'ENGLISH MOVIES', '01 51'),
(338, 'ENGLISH MOVIES', '01 52'),
(339, 'ENGLISH MOVIES', '01 53'),
(340, 'ENGLISH MOVIES', '01 54'),
(341, 'ENGLISH MOVIES', '01 55'),
(342, 'ENGLISH MOVIES', '01 56'),
(343, 'ENGLISH MOVIES', '01 57'),
(344, 'ENGLISH MOVIES', '01 58'),
(345, 'ENGLISH MOVIES', '01 59'),
(346, 'ENGLISH MOVIES', '01 5A'),
(347, 'ENGLISH MOVIES', '01 5B'),
(348, 'ENGLISH MOVIES', '01 5C'),
(349, 'ENGLISH MOVIES', '01 5D'),
(350, 'ENGLISH MOVIES', '01 5E'),
(351, 'INFOTAINMENT', '01 5F'),
(352, 'INFOTAINMENT', '01 60'),
(353, 'INFOTAINMENT', '01 61'),
(354, 'INFOTAINMENT', '01 62'),
(355, 'INFOTAINMENT', '01 63'),
(356, 'INFOTAINMENT', '01 64'),
(357, 'INFOTAINMENT', '01 65'),
(358, 'INFOTAINMENT', '01 66'),
(359, 'INFOTAINMENT', '01 67'),
(360, 'INFOTAINMENT', '01 68'),
(361, 'INFOTAINMENT', '01 69'),
(362, 'INFOTAINMENT', '01 6A'),
(363, 'INFOTAINMENT', '01 6B'),
(364, 'INFOTAINMENT', '01 6C'),
(365, 'INFOTAINMENT', '01 6D'),
(366, 'INFOTAINMENT', '01 6E'),
(367, 'INFOTAINMENT', '01 6F'),
(368, 'INFOTAINMENT', '01 70'),
(369, 'INFOTAINMENT', '01 71'),
(370, 'INFOTAINMENT', '01 72'),
(371, 'INFOTAINMENT', '01 73'),
(372, 'INFOTAINMENT', '01 74'),
(373, 'INFOTAINMENT', '01 75'),
(374, 'INFOTAINMENT', '01 76'),
(375, 'INFOTAINMENT', '01 77'),
(376, 'INFOTAINMENT', '01 78'),
(377, 'INFOTAINMENT', '01 79'),
(378, 'INFOTAINMENT', '01 7A'),
(379, 'INFOTAINMENT', '01 7B'),
(380, 'INFOTAINMENT', '01 7C'),
(381, 'LIFESTYLE', '01 7D'),
(382, 'LIFESTYLE', '01 7E'),
(383, 'LIFESTYLE', '01 7F'),
(384, 'LIFESTYLE', '01 80'),
(385, 'LIFESTYLE', '01 81'),
(386, 'LIFESTYLE', '01 82'),
(387, 'LIFESTYLE', '01 83'),
(388, 'LIFESTYLE', '01 84'),
(389, 'LIFESTYLE', '01 85'),
(390, 'LIFESTYLE', '01 86'),
(391, 'LIFESTYLE', '01 87'),
(392, 'LIFESTYLE', '01 88'),
(393, 'LIFESTYLE', '01 89'),
(394, 'LIFESTYLE', '01 8A'),
(395, 'LIFESTYLE', '01 8B'),
(396, 'LIFESTYLE', '01 8C'),
(397, 'LIFESTYLE', '01 8D'),
(398, 'LIFESTYLE', '01 8E'),
(399, 'LIFESTYLE', '01 8F'),
(400, 'LIFESTYLE', '01 90'),
(401, 'LIFESTYLE', '01 91'),
(402, 'LIFESTYLE', '01 92'),
(403, 'LIFESTYLE', '01 93'),
(404, 'LIFESTYLE', '01 94'),
(405, 'LIFESTYLE', '01 95'),
(406, 'DEVOTIONAL', '01 96'),
(407, 'DEVOTIONAL', '01 97'),
(408, 'DEVOTIONAL', '01 98'),
(409, 'DEVOTIONAL', '01 99'),
(410, 'DEVOTIONAL', '01 9A'),
(411, 'DEVOTIONAL', '01 9B'),
(412, 'DEVOTIONAL', '01 9C'),
(413, 'DEVOTIONAL', '01 9D'),
(414, 'DEVOTIONAL', '01 9E'),
(415, 'DEVOTIONAL', '01 9F'),
(416, 'DEVOTIONAL', '01 A0'),
(417, 'DEVOTIONAL', '01 A1'),
(418, 'DEVOTIONAL', '01 A2'),
(419, 'DEVOTIONAL', '01 A3'),
(420, 'DEVOTIONAL', '01 A4'),
(421, 'DEVOTIONAL', '01 A5'),
(422, 'DEVOTIONAL', '01 A6'),
(423, 'DEVOTIONAL', '01 A7'),
(424, 'DEVOTIONAL', '01 A8'),
(425, 'DEVOTIONAL', '01 A9'),
(426, 'DEVOTIONAL', '01 AA'),
(427, 'DEVOTIONAL', '01 AB'),
(428, 'DEVOTIONAL', '01 AC'),
(429, 'DEVOTIONAL', '01 AD'),
(430, 'ODIA DEVOTIONAL', '01 AE'),
(431, 'ODIA DEVOTIONAL', '01 AF'),
(432, 'ODIA DEVOTIONAL', '01 B0'),
(433, 'ODIA DEVOTIONAL', '01 B1'),
(434, 'ODIA DEVOTIONAL', '01 B2'),
(435, 'ODIA DEVOTIONAL', '01 B3'),
(436, 'KIDS', '01 B4'),
(437, 'KIDS', '01 B5'),
(438, 'KIDS', '01 B6'),
(439, 'KIDS', '01 B7'),
(440, 'KIDS', '01 B8'),
(441, 'KIDS', '01 B9'),
(442, 'KIDS', '01 BA'),
(443, 'KIDS', '01 BB'),
(444, 'KIDS', '01 BC'),
(445, 'KIDS', '01 BD'),
(446, 'KIDS', '01 BE'),
(447, 'KIDS', '01 BF'),
(448, 'KIDS', '01 C0'),
(449, 'KIDS', '01 C1'),
(450, 'KIDS', '01 C2'),
(451, 'KIDS', '01 C3'),
(452, 'KIDS', '01 C4'),
(453, 'KIDS', '01 C5'),
(454, 'KIDS', '01 C6'),
(455, 'KIDS', '01 C7'),
(456, 'KIDS', '01 C8'),
(457, 'KIDS', '01 C9'),
(458, 'KIDS', '01 CA'),
(459, 'KIDS', '01 CB'),
(460, 'KIDS', '01 CC'),
(461, 'KIDS', '01 CD'),
(462, 'MUSIC', '01 CE'),
(463, 'MUSIC', '01 CF'),
(464, 'MUSIC', '01 D0'),
(465, 'MUSIC', '01 D1'),
(466, 'MUSIC', '01 D2'),
(467, 'MUSIC', '01 D3'),
(468, 'MUSIC', '01 D4'),
(469, 'MUSIC', '01 D5'),
(470, 'MUSIC', '01 D6'),
(471, 'MUSIC', '01 D7'),
(472, 'MUSIC', '01 D8'),
(473, 'MUSIC', '01 D9'),
(474, 'MUSIC', '01 DA'),
(475, 'MUSIC', '01 DB'),
(476, 'MUSIC', '01 DC'),
(477, 'MUSIC', '01 DD'),
(478, 'MUSIC', '01 DE'),
(479, 'MUSIC', '01 DF'),
(480, 'MUSIC', '01 E0'),
(481, 'MUSIC', '01 E1'),
(482, 'MUSIC', '01 E2'),
(483, 'MUSIC', '01 E3'),
(484, 'MUSIC', '01 E4'),
(485, 'MUSIC', '01 E5'),
(486, 'MUSIC', '01 E6'),
(487, 'MUSIC', '01 E7'),
(488, 'MUSIC', '01 E8'),
(489, 'MUSIC', '01 E9'),
(490, 'MUSIC', '01 EA'),
(491, 'MUSIC', '01 EB'),
(492, 'MUSIC', '01 EC'),
(493, 'MUSIC', '01 ED'),
(494, 'MUSIC', '01 EE'),
(495, 'MUSIC', '01 EF'),
(496, 'MUSIC', '01 F0'),
(497, 'MUSIC', '01 F1'),
(498, 'MUSIC', '01 F2'),
(499, 'MUSIC', '01 F3'),
(500, 'MUSIC', '01 F4'),
(501, 'MUSIC', '01 F5'),
(502, 'REGIONAL MALAYLAM', '01 F6'),
(503, 'REGIONAL MALAYLAM', '01 F7'),
(504, 'REGIONAL MALAYLAM', '01 F8'),
(505, 'REGIONAL MALAYLAM', '01 F9'),
(506, 'REGIONAL MALAYLAM', '01 FA'),
(507, 'REGIONAL MALAYLAM', '01 FB'),
(508, 'REGIONAL MALAYLAM', '01 FC'),
(509, 'REGIONAL MALAYLAM', '01 FD'),
(510, 'REGIONAL MALAYLAM', '01 FE'),
(511, 'REGIONAL MALAYLAM', '01 FF'),
(512, 'REGIONAL MALAYLAM', '02 00'),
(513, 'REGIONAL MALAYLAM', '02 01'),
(514, 'REGIONAL MALAYLAM', '02 02'),
(515, 'REGIONAL MALAYLAM', '02 03'),
(516, 'REGIONAL MALAYLAM', '02 04'),
(517, 'REGIONAL TAMIL', '02 05'),
(518, 'REGIONAL TAMIL', '02 06'),
(519, 'REGIONAL TAMIL', '02 07'),
(520, 'REGIONAL TAMIL', '02 08'),
(521, 'REGIONAL TAMIL', '02 09'),
(522, 'REGIONAL TAMIL', '02 0A'),
(523, 'REGIONAL TAMIL', '02 0B'),
(524, 'REGIONAL TAMIL', '02 0C'),
(525, 'REGIONAL TAMIL', '02 0D'),
(526, 'REGIONAL TAMIL', '02 0E'),
(527, 'REGIONAL TAMIL', '02 0F'),
(528, 'REGIONAL TAMIL', '02 10'),
(529, 'REGIONAL TAMIL', '02 11'),
(530, 'REGIONAL TAMIL', '02 12'),
(531, 'REGIONAL TAMIL', '02 13'),
(532, 'REGIONAL TAMIL', '02 14'),
(533, 'REGIONAL TAMIL', '02 15'),
(534, 'REGIONAL TAMIL', '02 16'),
(535, 'REGIONAL TAMIL', '02 17'),
(536, 'REGIONAL TAMIL', '02 18'),
(537, 'REGIONAL TAMIL', '02 19'),
(538, 'REGIONAL TAMIL', '02 1A'),
(539, 'REGIONAL TAMIL', '02 1B'),
(540, 'REGIONAL TAMIL', '02 1C'),
(541, 'REGIONAL TAMIL', '02 1D'),
(542, 'REGIONAL TAMIL', '02 1E'),
(543, 'REGIONAL TAMIL', '02 1F'),
(544, 'REGIONAL TAMIL', '02 20'),
(545, 'REGIONAL TAMIL', '02 21'),
(546, 'REGIONAL TAMIL', '02 22'),
(547, 'REGIONAL KANADA', '02 23'),
(548, 'REGIONAL KANADA', '02 24'),
(549, 'REGIONAL KANADA', '02 25'),
(550, 'REGIONAL KANADA', '02 26'),
(551, 'REGIONAL KANADA', '02 27'),
(552, 'REGIONAL KANADA', '02 28'),
(553, 'REGIONAL KANADA', '02 29'),
(554, 'REGIONAL KANADA', '02 2A'),
(555, 'REGIONAL KANADA', '02 2B'),
(556, 'REGIONAL KANADA', '02 2C'),
(557, 'REGIONAL KANADA', '02 2D'),
(558, 'REGIONAL KANADA', '02 2E'),
(559, 'REGIONAL KANADA', '02 2F'),
(560, 'REGIONAL KANADA', '02 30'),
(561, 'REGIONAL KANADA', '02 31'),
(562, 'REGIONAL URDU', '02 32'),
(563, 'REGIONAL URDU', '02 33'),
(564, 'REGIONAL URDU', '02 34'),
(565, 'REGIONAL URDU', '02 35'),
(566, 'REGIONAL URDU', '02 36'),
(567, 'REGIONAL URDU', '02 37'),
(568, 'REGIONAL URDU', '02 38'),
(569, 'REGIONAL URDU', '02 39'),
(570, 'REGIONAL URDU', '02 3A'),
(571, 'REGIONAL URDU', '02 3B'),
(572, 'REGIONAL ORIYA', '02 3C'),
(573, 'REGIONAL ORIYA', '02 3D'),
(574, 'REGIONAL ORIYA', '02 3E'),
(575, 'REGIONAL ORIYA', '02 3F'),
(576, 'REGIONAL ORIYA', '02 40'),
(577, 'REGIONAL ORIYA', '02 41'),
(578, 'REGIONAL ORIYA', '02 42'),
(579, 'REGIONAL ORIYA', '02 43'),
(580, 'REGIONAL ORIYA', '02 44'),
(581, 'REGIONAL ORIYA', '02 45'),
(582, 'REGIONAL ORIYA', '02 46'),
(583, 'REGIONAL ORIYA', '02 47'),
(584, 'REGIONAL ORIYA', '02 48'),
(585, 'REGIONAL ORIYA', '02 49'),
(586, 'REGIONAL ASSAMIES', '02 4A'),
(587, 'REGIONAL ORIYA', '02 4B'),
(588, 'REGIONAL ORIYA', '02 4C'),
(589, 'REGIONAL GUJRATI', '02 4D'),
(590, 'REGIONAL GUJRATI', '02 4E'),
(591, 'REGIONAL GUJRATI', '02 4F'),
(592, 'REGIONAL GUJRATI', '02 50'),
(593, 'REGIONAL GUJRATI', '02 51'),
(594, 'REGIONAL GUJRATI', '02 52'),
(595, 'REGIONAL RAJASTHAN', '02 53'),
(596, 'REGIONAL RAJASTHAN', '02 54'),
(597, 'REGIONAL RAJASTHAN', '02 55'),
(598, 'REGIONAL RAJASTHAN', '02 56'),
(599, 'REGIONAL MARATHI', '02 57'),
(600, 'REGIONAL MARATHI', '02 58'),
(601, 'REGIONAL MARATHI', '02 59'),
(602, 'REGIONAL MARATHI', '02 5A'),
(603, 'REGIONAL MARATHI', '02 5B'),
(604, 'REGIONAL MARATHI', '02 5C'),
(605, 'REGIONAL MARATHI', '02 5D'),
(606, 'REGIONAL MARATHI', '02 5E'),
(607, 'REGIONAL MARATHI', '02 5F'),
(608, 'REGIONAL MARATHI', '02 60'),
(609, 'REGIONAL MARATHI', '02 61'),
(610, 'REGIONAL MARATHI', '02 62'),
(611, 'REGIONAL PUNJABI', '02 63'),
(612, 'REGIONAL PUNJABI', '02 64'),
(613, 'REGIONAL PUNJABI', '02 65'),
(614, 'REGIONAL PUNJABI', '02 66'),
(615, 'REGIONAL PUNJABI', '02 67'),
(616, 'REGIONAL PUNJABI', '02 68'),
(617, 'REGIONAL PUNJABI', '02 69'),
(618, 'REGIONAL PUNJABI', '02 6A'),
(619, 'REGIONAL PUNJABI', '02 6B'),
(620, 'REGIONAL PUNJABI', '02 6C'),
(621, 'REGIONAL PUNJABI', '02 6D'),
(622, 'REGIONAL PUNJABI', '02 6E'),
(623, 'REGIONAL PUNJABI', '02 6F'),
(624, 'REGIONAL PUNJABI', '02 70'),
(625, 'REGIONAL TELEGU', '02 71'),
(626, 'REGIONAL TELEGU', '02 72'),
(627, 'REGIONAL TELEGU', '02 73'),
(628, 'REGIONAL TELEGU', '02 74'),
(629, 'REGIONAL TELEGU', '02 75'),
(630, 'REGIONAL TELEGU', '02 76'),
(631, 'REGIONAL TELEGU', '02 77'),
(632, 'REGIONAL TELEGU', '02 78'),
(633, 'REGIONAL TELEGU', '02 79'),
(634, 'REGIONAL TELEGU', '02 7A'),
(635, 'REGIONAL TELEGU', '02 7B'),
(636, 'REGIONAL TELEGU', '02 7C'),
(637, 'REGIONAL TELEGU', '02 7D'),
(638, 'REGIONAL TELEGU', '02 7E'),
(639, 'REGIONAL TELEGU', '02 7F'),
(640, 'REGIONAL TELEGU', '02 80'),
(641, 'REGIONAL TELEGU', '02 81'),
(642, 'REGIONAL TELEGU', '02 82'),
(643, 'REGIONAL TELEGU', '02 83'),
(644, 'REGIONAL TELEGU', '02 84'),
(645, 'REGIONAL TELEGU', '02 85'),
(646, 'REGIONAL TELEGU', '02 86'),
(647, 'REGIONAL TELEGU', '02 87'),
(648, 'REGIONAL TELEGU', '02 88'),
(649, 'REGIONAL ASSAMIES', '02 89'),
(650, 'REGIONAL ASSAMIES', '02 8A'),
(651, 'REGIONAL ASSAMIES', '02 8B'),
(652, 'REGIONAL ASSAMIES', '02 8C'),
(653, 'REGIONAL ASSAMIES', '02 8D'),
(654, 'REGIONAL ASSAMIES', '02 8E'),
(655, 'REGIONAL ASSAMIES', '02 8F'),
(656, 'REGIONAL ASSAMIES', '02 90'),
(657, 'REGIONAL ASSAMIES', '02 91'),
(658, 'REGIONAL ASSAMIES', '02 92'),
(659, 'REGIONAL BHOJPURI', '02 93'),
(660, 'REGIONAL BHOJPURI', '02 94'),
(661, 'REGIONAL BHOJPURI', '02 95'),
(662, 'REGIONAL BHOJPURI', '02 96'),
(663, 'REGIONAL BHOJPURI', '02 97'),
(664, 'REGIONAL BHOJPURI', '02 98'),
(665, 'REGIONAL BHOJPURI', '02 99'),
(666, 'REGIONAL BHOJPURI', '02 9A'),
(667, 'REGIONAL BHOJPURI', '02 9B'),
(668, 'REGIONAL BHOJPURI', '02 9C'),
(669, 'REGIONAL INTERNATIONAL', '02 9D'),
(670, 'REGIONAL INTERNATIONAL', '02 9E'),
(671, 'REGIONAL INTERNATIONAL', '02 9F'),
(672, 'REGIONAL INTERNATIONAL', '02 A0'),
(673, 'REGIONAL INTERNATIONAL', '02 A1'),
(674, 'REGIONAL INTERNATIONAL', '02 A2'),
(675, 'REGIONAL INTERNATIONAL', '02 A3'),
(676, 'REGIONAL INTERNATIONAL', '02 A4'),
(677, 'REGIONAL INTERNATIONAL', '02 A5'),
(678, 'REGIONAL INTERNATIONAL', '02 A6'),
(679, 'REGIONAL INTERNATIONAL', '02 A7'),
(680, 'REGIONAL INTERNATIONAL', '02 A8'),
(681, 'REGIONAL INTERNATIONAL', '02 A9'),
(682, 'REGIONAL INTERNATIONAL', '02 AA'),
(683, 'REGIONAL INTERNATIONAL', '02 AB'),
(684, 'REGIONAL INTERNATIONAL', '02 AC'),
(685, 'REGIONAL INTERNATIONAL', '02 AD'),
(686, 'REGIONAL INTERNATIONAL', '02 AE'),
(687, 'REGIONAL INTERNATIONAL', '02 AF'),
(688, 'REGIONAL INTERNATIONAL', '02 B0'),
(689, 'REGIONAL INTERNATIONAL', '02 B1'),
(690, 'REGIONAL INTERNATIONAL', '02 B2'),
(691, 'REGIONAL INTERNATIONAL', '02 B3'),
(692, 'REGIONAL INTERNATIONAL', '02 B4'),
(693, 'HD HINDI MOVIES', '02 B5'),
(694, 'HD HINDI MOVIES', '02 B6'),
(695, 'HD HINDI MOVIES', '02 B7'),
(696, 'HD HINDI MOVIES', '02 B8'),
(697, 'HD HINDI MOVIES', '02 B9'),
(698, 'HD HINDI MOVIES', '02 BA'),
(699, 'HD HINDI MOVIES', '02 BB'),
(700, 'HD HINDI MOVIES', '02 BC'),
(701, 'HD HINDI MOVIES', '02 BD'),
(702, 'HD HINDI MOVIES', '02 BE'),
(703, 'HD HINDI MOVIES', '02 BF'),
(704, 'HD HINDI MOVIES', '02 C0'),
(705, 'HD HINDI MOVIES', '02 C1'),
(706, 'HD HINDI MOVIES', '02 C2'),
(707, 'HD HINDI MOVIES', '02 C3'),
(708, 'HD HINDI MOVIES', '02 C4'),
(709, 'HD HINDI MOVIES', '02 C5'),
(710, 'HD HINDI MOVIES', '02 C6'),
(711, 'HD HINDI MOVIES', '02 C7'),
(712, 'HD HINDI MOVIES', '02 C8'),
(713, 'HD HINDI MOVIES', '02 C9'),
(714, 'HD HINDI GEC', '02 CA'),
(715, 'HD HINDI GEC', '02 CB'),
(716, 'HD HINDI GEC', '02 CC'),
(717, 'HD HINDI GEC', '02 CD'),
(718, 'HD HINDI GEC', '02 CE'),
(719, 'HD HINDI GEC', '02 CF'),
(720, 'HD HINDI GEC', '02 D0'),
(721, 'HD HINDI GEC', '02 D1'),
(722, 'HD HINDI GEC', '02 D2'),
(723, 'HD HINDI GEC', '02 D3'),
(724, 'HD HINDI GEC', '02 D4'),
(725, 'HD HINDI GEC', '02 D5'),
(726, 'HD HINDI GEC', '02 D6'),
(727, 'HD HINDI GEC', '02 D7'),
(728, 'HD HINDI GEC', '02 D8'),
(729, 'HD HINDI GEC', '02 D9'),
(730, 'HD HINDI GEC', '02 DA'),
(731, 'HD HINDI GEC', '02 DB'),
(732, 'HD HINDI GEC', '02 DC'),
(733, 'HD HINDI GEC', '02 DD'),
(734, 'HD BENGALI GEC', '02 DE'),
(735, 'HD BENGALI GEC', '02 DF'),
(736, 'HD BENGALI GEC', '02 E0'),
(737, 'HD BENGALI GEC', '02 E1'),
(738, 'HD BENGALI GEC', '02 E2'),
(739, 'HD BENGALI GEC', '02 E3'),
(740, 'HD BENGALI GEC', '02 E4'),
(741, 'HD BENGALI GEC', '02 E5'),
(742, 'HD BENGALI GEC', '02 E6'),
(743, 'HD BENGALI GEC', '02 E7'),
(744, 'HD BENGALI MOVIES', '02 E8'),
(745, 'HD BENGALI MOVIES', '02 E9'),
(746, 'HD BENGALI MOVIES', '02 EA'),
(747, 'HD BENGALI MOVIES', '02 EB'),
(748, 'HD BENGALI MOVIES', '02 EC'),
(749, 'HD BENGALI MOVIES', '02 ED'),
(750, 'HD BENGALI MOVIES', '02 EE'),
(751, 'HD BENGALI MOVIES', '02 EF'),
(752, 'HD BENGALI MOVIES', '02 F0'),
(753, 'HD BENGALI MOVIES', '02 F1'),
(754, 'HD BENGALI MOVIES', '02 F2'),
(755, 'HD BENGALI MOVIES', '02 F3'),
(756, 'HD SPORTS', '02 F4'),
(757, 'HD SPORTS', '02 F5'),
(758, 'HD SPORTS', '02 F6'),
(759, 'HD SPORTS', '02 F7'),
(760, 'HD SPORTS', '02 F8'),
(761, 'HD SPORTS', '02 F9'),
(762, 'HD SPORTS', '02 FA'),
(763, 'HD SPORTS', '02 FB'),
(764, 'HD SPORTS', '02 FC'),
(765, 'HD SPORTS', '02 FD'),
(766, 'HD SPORTS', '02 FE'),
(767, 'HD SPORTS', '02 FF'),
(768, 'HD SPORTS', '03 00'),
(769, 'HD SPORTS', '03 01'),
(770, 'HD SPORTS', '03 02'),
(771, 'HD SPORTS', '03 03'),
(772, 'HD SPORTS', '03 04'),
(773, 'HD SPORTS', '03 05'),
(774, 'HD SPORTS', '03 06'),
(775, 'HD SPORTS', '03 07'),
(776, 'HD SPORTS', '03 08'),
(777, 'HD SPORTS', '03 09'),
(778, 'HD SPORTS', '03 0A'),
(779, 'HD NEWS ENGLISH', '03 0B'),
(780, 'HD NEWS ENGLISH', '03 0C'),
(781, 'HD NEWS ENGLISH', '03 0D'),
(782, 'HD NEWS ENGLISH', '03 0E'),
(783, 'HD NEWS ENGLISH', '03 0F'),
(784, 'HD NEWS ENGLISH', '03 10'),
(785, 'HD NEWS ENGLISH', '03 11'),
(786, 'HD NEWS ENGLISH', '03 12'),
(787, 'HD NEWS ENGLISH', '03 13'),
(788, 'HD NEWS ENGLISH', '03 14'),
(789, 'HD NEWS ENGLISH', '03 15'),
(790, 'HD NEWS ENGLISH', '03 16'),
(791, 'HD NEWS ENGLISH', '03 17'),
(792, 'HD NEWS ENGLISH', '03 18'),
(793, 'HD NEWS ENGLISH', '03 19'),
(794, 'HD NEWS ENGLISH', '03 1A'),
(795, 'HD NEWS ENGLISH', '03 1B'),
(796, 'HD NEWS ENGLISH', '03 1C'),
(797, 'HD NEWS ENGLISH', '03 1D'),
(798, 'HD NEWS ENGLISH', '03 1E'),
(799, 'HD NEWS HINDI', '03 1F'),
(800, 'HD NEWS HINDI', '03 20'),
(801, 'HD NEWS HINDI', '03 21'),
(802, 'HD NEWS HINDI', '03 22'),
(803, 'HD NEWS HINDI', '03 23'),
(804, 'HD NEWS HINDI', '03 24'),
(805, 'HD NEWS HINDI', '03 25'),
(806, 'HD NEWS HINDI', '03 26'),
(807, 'HD NEWS HINDI', '03 27'),
(808, 'HD NEWS HINDI', '03 28'),
(809, 'HD ENGLISH MUSIC', '03 29'),
(810, 'HD ENGLISH MUSIC', '03 2A'),
(811, 'HD ENGLISH GEC', '03 2B'),
(812, 'HD ENGLISH GEC', '03 2C'),
(813, 'HD ENGLISH GEC', '03 2D'),
(814, 'HD ENGLISH GEC', '03 2E'),
(815, 'HD ENGLISH GEC', '03 2F'),
(816, 'HD ENGLISH GEC', '03 30'),
(817, 'HD ENGLISH GEC', '03 31'),
(818, 'HD ENGLISH GEC', '03 32'),
(819, 'HD ENGLISH GEC', '03 33'),
(820, 'HD ENGLISH GEC', '03 34'),
(821, 'HD ENGLISH GEC', '03 35'),
(822, 'HD ENGLISH GEC', '03 36'),
(823, 'HD ENGLISH GEC', '03 37'),
(824, 'HD ENGLISH MOVIES', '03 38'),
(825, 'HD ENGLISH MOVIES', '03 39'),
(826, 'HD ENGLISH MOVIES', '03 3A'),
(827, 'HD ENGLISH MOVIES', '03 3B'),
(828, 'HD ENGLISH MOVIES', '03 3C'),
(829, 'HD ENGLISH MOVIES', '03 3D'),
(830, 'HD ENGLISH MOVIES', '03 3E'),
(831, 'HD ENGLISH MOVIES', '03 3F'),
(832, 'HD ENGLISH MOVIES', '03 40'),
(833, 'HD ENGLISH MOVIES', '03 41'),
(834, 'HD ENGLISH MOVIES', '03 42'),
(835, 'HD ENGLISH MOVIES', '03 43'),
(836, 'HD ENGLISH MOVIES', '03 44'),
(837, 'HD ENGLISH MOVIES', '03 45'),
(838, 'HD ENGLISH MOVIES', '03 46'),
(839, 'HD ENGLISH MOVIES', '03 47'),
(840, 'HD INFOTAINMENT', '03 48'),
(841, 'HD INFOTAINMENT', '03 49'),
(842, 'HD INFOTAINMENT', '03 4A'),
(843, 'HD INFOTAINMENT', '03 4B'),
(844, 'HD INFOTAINMENT', '03 4C'),
(845, 'HD INFOTAINMENT', '03 4D'),
(846, 'HD INFOTAINMENT', '03 4E'),
(847, 'HD INFOTAINMENT', '03 4F'),
(848, 'HD INFOTAINMENT', '03 50'),
(849, 'HD INFOTAINMENT', '03 51'),
(850, 'HD INFOTAINMENT', '03 52'),
(851, 'HD INFOTAINMENT', '03 53'),
(852, 'HD INFOTAINMENT', '03 54'),
(853, 'HD INFOTAINMENT', '03 55'),
(854, 'HD INFOTAINMENT', '03 56'),
(855, 'HD INFOTAINMENT', '03 57'),
(856, 'HD INFOTAINMENT', '03 58'),
(857, 'HD INFOTAINMENT', '03 59'),
(858, 'HD INFOTAINMENT', '03 5A'),
(859, 'HD INFOTAINMENT', '03 5B'),
(860, 'HD INFOTAINMENT', '03 5C'),
(861, 'HD INFOTAINMENT', '03 5D'),
(862, 'HD INFOTAINMENT', '03 5E'),
(863, 'HD INFOTAINMENT', '03 5F'),
(864, 'HD KIDS', '03 60'),
(865, 'HD KIDS', '03 61'),
(866, 'HD KIDS', '03 62'),
(867, 'HD KIDS', '03 63'),
(868, 'HD KIDS', '03 64'),
(869, 'HD KIDS', '03 65'),
(870, 'HD KIDS', '03 66'),
(871, 'HD KIDS', '03 67'),
(872, 'HD KIDS', '03 68'),
(873, 'HD KIDS', '03 69'),
(874, 'HD MUSIC HINDI', '03 6A'),
(875, 'HD MUSIC HINDI', '03 6B'),
(876, 'HD MUSIC HINDI', '03 6C'),
(877, 'HD MUSIC HINDI', '03 6D'),
(878, 'HD MUSIC HINDI', '03 6E'),
(879, 'HD MUSIC HINDI', '03 6F'),
(880, 'HD MUSIC HINDI', '03 70'),
(881, 'HD MUSIC HINDI', '03 71'),
(882, 'HD MUSIC HINDI', '03 72'),
(883, 'HD MUSIC HINDI', '03 73'),
(884, 'HD MUSIC HINDI', '03 74'),
(885, 'HD MUSIC HINDI', '03 75'),
(886, 'HD MUSIC HINDI', '03 76'),
(887, 'HD MUSIC HINDI', '03 77'),
(888, 'HD MUSIC HINDI', '03 78'),
(889, 'HD INTERNATIONAL', '03 79'),
(890, 'HD INTERNATIONAL', '03 7A'),
(891, 'HD INTERNATIONAL', '03 7B'),
(892, 'HD INTERNATIONAL', '03 7C'),
(893, 'HD INTERNATIONAL', '03 7D'),
(894, 'HD INTERNATIONAL', '03 7E'),
(895, 'HD INTERNATIONAL', '03 7F'),
(896, 'HD INTERNATIONAL', '03 80'),
(897, 'HD INTERNATIONAL', '03 81'),
(898, 'HD INTERNATIONAL', '03 82'),
(899, 'HD TAMIL', '03 83'),
(900, 'HD TAMIL', '03 84'),
(901, 'HD TAMIL', '03 85'),
(902, 'HD TAMIL', '03 86'),
(903, 'HD TAMIL', '03 87'),
(904, 'HD KANADA', '03 88'),
(905, 'HD KANADA', '03 89'),
(906, 'HD KANADA', '03 8A'),
(907, 'HD MARATHI', '03 8B'),
(908, 'HD MARATHI', '03 8C'),
(909, 'HD MARATHI', '03 8D'),
(910, 'HD MARATHI', '03 8E'),
(911, 'HD REGIONAL TELEGU', '03 8F'),
(912, 'HD TELEGU', '03 90'),
(913, 'HD TELEGU', '03 91'),
(914, 'HD TELEGU', '03 92'),
(915, 'HD TELEGU', '03 93'),
(916, 'HD TELEGU', '03 94'),
(917, 'HD TELEGU', '03 95'),
(918, 'HD TELEGU', '03 96'),
(919, 'HD TELEGU', '03 97'),
(920, 'HD TELEGU', '03 98'),
(921, 'HD ODISHA GEC', '03 99'),
(922, 'TESTING', '03 9A'),
(923, 'TESTING', '03 9B'),
(924, 'TESTING', '03 9C'),
(925, 'TESTING', '03 9D'),
(926, 'TESTING', '03 9E'),
(927, 'TESTING', '03 9F'),
(928, 'TESTING', '03 A0'),
(929, 'TESTING', '03 A1'),
(930, 'TESTING', '03 A2'),
(931, 'TESTING', '03 A3'),
(932, 'TESTING', '03 A4'),
(933, 'TESTING', '03 A5'),
(934, 'TESTING', '03 A6'),
(935, 'TESTING', '03 A7'),
(936, 'TESTING', '03 A8'),
(937, 'TESTING', '03 A9'),
(938, 'TESTING', '03 AA'),
(939, 'TESTING', '03 AB'),
(940, 'TESTING', '03 AC'),
(941, 'TESTING', '03 AD'),
(942, 'TESTING', '03 AE'),
(943, 'TESTING', '03 AF'),
(944, 'TESTING', '03 B0'),
(945, 'TESTING', '03 B1'),
(946, 'TESTING', '03 B2'),
(947, 'TESTING', '03 B3'),
(948, 'TESTING', '03 B4'),
(949, 'TESTING', '03 B5'),
(950, 'TESTING', '03 B6'),
(951, 'TESTING', '03 B7'),
(952, 'TESTING', '03 B8'),
(953, 'TESTING', '03 B9'),
(954, 'TESTING', '03 BA'),
(955, 'TESTING', '03 BB'),
(956, 'TESTING', '03 BC'),
(957, 'TESTING', '03 BD'),
(958, 'TESTING', '03 BE'),
(959, 'TESTING', '03 BF'),
(960, 'TESTING', '03 C0'),
(961, 'TESTING', '03 C1'),
(962, 'TESTING', '03 C2'),
(963, 'TESTING', '03 C3'),
(964, 'TESTING', '03 C4'),
(965, 'TESTING', '03 C5'),
(966, 'TESTING', '03 C6'),
(967, 'TESTING', '03 C7'),
(968, 'TESTING', '03 C8'),
(969, 'TESTING', '03 C9'),
(970, 'TESTING', '03 CA'),
(971, 'TESTING', '03 CB'),
(972, 'TESTING', '03 CC'),
(973, 'TESTING', '03 CD'),
(974, 'TESTING', '03 CE'),
(975, 'TESTING', '03 CF'),
(976, 'TESTING', '03 D0'),
(977, 'TESTING', '03 D1'),
(978, 'TESTING', '03 D2'),
(979, 'TESTING', '03 D3'),
(980, 'TESTING', '03 D4'),
(981, 'TESTING', '03 D5'),
(982, 'TESTING', '03 D6'),
(983, 'TESTING', '03 D7'),
(984, 'TESTING', '03 D8'),
(985, 'TESTING', '03 D9'),
(986, 'TESTING', '03 DA'),
(987, 'TESTING', '03 DB'),
(988, 'TESTING', '03 DC'),
(989, 'TESTING', '03 DD'),
(990, 'TESTING', '03 DE'),
(991, 'TESTING', '03 DF'),
(992, 'TESTING', '03 E0'),
(993, 'TESTING', '03 E1'),
(994, 'TESTING', '03 E2'),
(995, 'TESTING', '03 E3'),
(996, 'TESTING', '03 E4'),
(997, 'TESTING', '03 E5'),
(998, 'TESTING', '03 E6'),
(999, 'CUSTOMER CARE', '03 E7'),
(1000, 'RADIO', '03 E8'),
(1001, 'RADIO', '03 E9'),
(1002, 'RADIO', '03 EA'),
(1003, 'RADIO', '03 EB'),
(1004, 'RADIO', '03 EC'),
(1005, 'RADIO', '03 ED'),
(1006, 'RADIO', '03 EE'),
(1007, 'RADIO', '03 EF'),
(1008, 'RADIO', '03 F0'),
(1009, 'RADIO', '03 F1');

-- --------------------------------------------------------

--
-- Table structure for table `package_tb`
--

DROP TABLE IF EXISTS `package_tb`;
CREATE TABLE `package_tb` (
  `sid` mediumint(6) NOT NULL,
  `205` enum('YES','') NOT NULL,
  `230` enum('YES','') NOT NULL,
  `295` enum('YES','') NOT NULL,
  `330` enum('YES','') NOT NULL,
  `350` enum('YES','') NOT NULL,
  `price` varchar(6) NOT NULL
) ENGINE=InnoDB DEFAULT CHARSET=latin1;

--
-- Dumping data for table `package_tb`
--

INSERT INTO `package_tb` (`sid`, `205`, `230`, `295`, `330`, `350`, `price`) VALUES
(10311, 'YES', 'YES', 'YES', 'YES', 'YES', '0'),
(10812, '', '', 'YES', 'YES', 'YES', '19'),
(10203, '', '', 'YES', 'YES', 'YES', '19'),
(10803, '', '', 'YES', 'YES', 'YES', '15'),
(22812, 'YES', 'YES', 'YES', 'YES', 'YES', '1'),
(22809, '', '', 'YES', 'YES', 'YES', '10'),
(11011, '', 'YES', 'YES', 'YES', 'YES', '2'),
(10208, '', '', 'YES', 'YES', 'YES', '3'),
(11203, '', 'YES', 'YES', 'YES', 'YES', '0.1'),
(22112, '', 'YES', 'YES', 'YES', 'YES', '3'),
(15006, '', 'YES', 'YES', 'YES', 'YES', '0.5'),
(10305, '', 'YES', 'YES', 'YES', 'YES', '0.1'),
(10207, '', 'YES', 'YES', 'YES', 'YES', '0.1'),
(23908, '', 'YES', 'YES', 'YES', 'YES', '0.1'),
(15124, '', 'YES', 'YES', 'YES', 'YES', '0.1'),
(11409, '', 'YES', 'YES', 'YES', 'YES', '0.5'),
(11808, '', 'YES', 'YES', 'YES', 'YES', '2'),
(11806, '', 'YES', 'YES', 'YES', 'YES', '2'),
(11009, '', '', '', '', '', '7'),
(22103, 'YES', 'YES', 'YES', 'YES', 'YES', ''),
(10304, 'YES', 'YES', 'YES', 'YES', 'YES', ''),
(15101, '', '', '', '', '', ''),
(15106, 'YES', 'YES', 'YES', 'YES', 'YES', ''),
(15008, 'YES', 'YES', 'YES', 'YES', 'YES', ''),
(10306, 'YES', 'YES', 'YES', 'YES', 'YES', ''),
(11014, 'YES', 'YES', 'YES', 'YES', 'YES', '0'),
(23802, 'YES', 'YES', 'YES', 'YES', 'YES', '0'),
(15002, 'YES', 'YES', 'YES', 'YES', 'YES', '0'),
(23901, 'YES', 'YES', 'YES', 'YES', 'YES', '0'),
(23808, 'YES', 'YES', 'YES', 'YES', 'YES', '0'),
(15119, '', '', '', '', '', ''),
(15125, '', '', '', '', '', ''),
(10807, '', '', 'YES', 'YES', 'YES', '19'),
(10801, '', '', 'YES', 'YES', 'YES', '19'),
(11410, '', '', 'YES', 'YES', 'YES', '19'),
(10701, '', '', 'YES', 'YES', 'YES', '19'),
(10804, '', '', 'YES', 'YES', 'YES', '19'),
(15001, '', '', 'YES', 'YES', 'YES', '6'),
(10708, '', '', '', 'YES', 'YES', '12'),
(22808, '', 'YES', 'YES', 'YES', 'YES', '0.1'),
(11908, '', 'YES', 'YES', 'YES', 'YES', '0.5'),
(11706, '', 'YES', 'YES', 'YES', 'YES', '0.1'),
(11115, '', 'YES', 'YES', 'YES', 'YES', '1'),
(15103, '', '', 'YES', 'YES', 'YES', '1'),
(22111, 'YES', 'YES', 'YES', 'YES', 'YES', '0.5'),
(11412, 'YES', 'YES', 'YES', 'YES', 'YES', '5'),
(11206, '', 'YES', 'YES', 'YES', 'YES', '0.5'),
(11015, '', '', 'YES', 'YES', 'YES', '0.1'),
(22407, 'YES', 'YES', 'YES', 'YES', 'YES', '0.15'),
(22312, 'YES', 'YES', 'YES', 'YES', 'YES', ''),
(11109, '', '', '', '', '', ''),
(22908, 'YES', 'YES', 'YES', 'YES', 'YES', '0'),
(11215, '', '', '', '', '', ''),
(22309, 'YES', 'YES', 'YES', 'YES', 'YES', ''),
(22310, 'YES', 'YES', 'YES', 'YES', 'YES', ''),
(11005, 'YES', 'YES', 'YES', 'YES', 'YES', ''),
(15114, '', '', '', '', '', ''),
(22912, 'YES', 'YES', 'YES', 'YES', 'YES', '0'),
(22308, 'YES', 'YES', 'YES', 'YES', 'YES', ''),
(10308, 'YES', 'YES', 'YES', 'YES', 'YES', ''),
(23811, 'YES', 'YES', 'YES', 'YES', 'YES', ''),
(10702, 'YES', 'YES', 'YES', 'YES', 'YES', '19'),
(10810, 'YES', 'YES', 'YES', 'YES', 'YES', '19'),
(11504, 'YES', 'YES', 'YES', 'YES', 'YES', '7'),
(11211, 'YES', 'YES', 'YES', 'YES', 'YES', ''),
(11302, 'YES', 'YES', 'YES', 'YES', 'YES', '5.5'),
(24005, '', '', '', '', '', '0'),
(22108, 'YES', 'YES', 'YES', 'YES', 'YES', '0'),
(11611, 'YES', 'YES', 'YES', 'YES', 'YES', '0'),
(22212, 'YES', 'YES', 'YES', 'YES', 'YES', ''),
(22104, 'YES', 'YES', 'YES', 'YES', 'YES', ''),
(10904, 'YES', 'YES', 'YES', 'YES', 'YES', '0'),
(22209, 'YES', 'YES', 'YES', 'YES', 'YES', ''),
(22703, 'YES', 'YES', 'YES', 'YES', 'YES', '0'),
(22503, 'YES', 'YES', 'YES', 'YES', 'YES', '0'),
(11614, 'YES', 'YES', 'YES', 'YES', 'YES', '0'),
(22009, 'YES', 'YES', 'YES', 'YES', 'YES', ''),
(22305, 'YES', 'YES', 'YES', 'YES', 'YES', '0'),
(10909, 'YES', 'YES', 'YES', 'YES', 'YES', '0'),
(10101, '', '', '', '', '', ''),
(22106, 'YES', 'YES', 'YES', 'YES', 'YES', ''),
(11111, 'YES', 'YES', 'YES', 'YES', 'YES', '0'),
(11216, 'YES', 'YES', 'YES', 'YES', 'YES', '15'),
(10201, 'YES', 'YES', 'YES', 'YES', 'YES', '10'),
(11212, 'YES', 'YES', 'YES', 'YES', 'YES', '1'),
(22105, 'YES', 'YES', 'YES', 'YES', 'YES', ''),
(22605, 'YES', 'YES', 'YES', 'YES', 'YES', ''),
(22909, 'YES', 'YES', 'YES', 'YES', 'YES', ''),
(11001, 'YES', 'YES', 'YES', 'YES', 'YES', '0'),
(10813, '', '', '', '', '', '19'),
(15105, '', '', 'YES', 'YES', 'YES', '4'),
(10712, '', '', 'YES', 'YES', 'YES', '2'),
(10704, 'YES', 'YES', 'YES', 'YES', 'YES', '19'),
(11704, '', '', '', '', '', '19'),
(11703, '', '', '', 'YES', 'YES', '17'),
(11303, '', '', '', '', 'YES', '19'),
(11702, '', '', 'YES', 'YES', 'YES', '17'),
(22516, 'YES', 'YES', 'YES', 'YES', 'YES', '3.5'),
(11411, '', '', '', '', '', '19'),
(11010, '', '', '', '', '', '7'),
(11805, '', '', 'YES', 'YES', 'YES', '0.5'),
(24004, 'YES', 'YES', 'YES', 'YES', 'YES', '8'),
(22404, '', '', '', '', '', ''),
(11305, '', '', '', '', '', ''),
(11007, 'YES', 'YES', 'YES', 'YES', 'YES', ''),
(24007, '', '', '', '', '', '0'),
(15110, 'YES', 'YES', 'YES', 'YES', 'YES', ''),
(10811, 'YES', 'YES', 'YES', 'YES', 'YES', '0'),
(15212, 'YES', 'YES', 'YES', 'YES', 'YES', '0'),
(15206, '', '', '', '', 'YES', ''),
(10905, 'YES', 'YES', 'YES', 'YES', 'YES', '0'),
(10906, 'YES', 'YES', 'YES', 'YES', 'YES', '0'),
(22702, 'YES', 'YES', 'YES', 'YES', 'YES', '0'),
(22902, 'YES', 'YES', 'YES', 'YES', 'YES', ''),
(11615, 'YES', 'YES', 'YES', 'YES', 'YES', '0'),
(10907, 'YES', 'YES', 'YES', 'YES', 'YES', '0'),
(12709, '', '', '', '', '', ''),
(22701, '', '', '', '', '', ''),
(11218, 'YES', 'YES', 'YES', 'YES', 'YES', '0'),
(10809, '', '', '', '', '', ''),
(11507, '', '', 'YES', 'YES', 'YES', '4'),
(15104, 'YES', 'YES', 'YES', 'YES', 'YES', ''),
(11811, 'YES', 'YES', 'YES', 'YES', 'YES', '0'),
(10310, 'YES', 'YES', '', '', '', '1.5'),
(22008, '', '', 'YES', 'YES', 'YES', '2.5'),
(23902, '', '', '', '', 'YES', '1'),
(23911, 'YES', 'YES', 'YES', 'YES', 'YES', '2'),
(11205, 'YES', 'YES', 'YES', 'YES', 'YES', '0'),
(22007, '', '', 'YES', 'YES', 'YES', '2'),
(11209, '', '', '', '', '', ''),
(11309, '', '', '', '', '', '3'),
(22907, 'YES', 'YES', 'YES', 'YES', 'YES', ''),
(22913, 'YES', 'YES', 'YES', 'YES', 'YES', '0'),
(11401, '', '', '', '', '', '1.5'),
(11104, '', '', '', '', '', '2'),
(22901, 'YES', 'YES', 'YES', 'YES', 'YES', '0'),
(11406, '', '', 'YES', 'YES', 'YES', '0.1'),
(10205, '', '', '', '', 'YES', '0.1'),
(11607, 'YES', 'YES', 'YES', 'YES', 'YES', '1'),
(11509, '', '', '', '', '', '1'),
(11505, 'YES', 'YES', 'YES', 'YES', 'YES', ''),
(22604, '', '', '', '', '', '5'),
(11608, '', '', '', '', 'YES', ''),
(11106, 'YES', 'YES', 'YES', 'YES', 'YES', '0'),
(11810, 'YES', 'YES', 'YES', 'YES', 'YES', '0'),
(23903, 'YES', 'YES', 'YES', 'YES', 'YES', ''),
(10808, 'YES', 'YES', 'YES', 'YES', 'YES', ''),
(10814, '', '', '', '', 'YES', ''),
(11102, 'YES', 'YES', '', '', '', '0.75'),
(22508, 'YES', 'YES', 'YES', 'YES', 'YES', '0'),
(11101, 'YES', 'YES', '', '', '', '0.25'),
(11407, '', '', '', '', '', '0.1'),
(24008, '', '', '', '', '', '0.1'),
(11006, 'YES', 'YES', 'YES', 'YES', 'YES', ''),
(11510, '', '', '', '', '', '1'),
(10913, '', '', '', '', 'YES', ''),
(11809, '', '', '', '', '', '0.1'),
(11114, 'YES', 'YES', 'YES', 'YES', 'YES', '0'),
(22307, 'YES', 'YES', 'YES', 'YES', 'YES', '0'),
(22101, 'YES', 'YES', 'YES', 'YES', 'YES', '0'),
(22904, 'YES', 'YES', 'YES', 'YES', 'YES', '0'),
(22906, 'YES', 'YES', 'YES', 'YES', 'YES', '0'),
(11107, 'YES', 'YES', 'YES', 'YES', 'YES', '0'),
(22610, '', '', '', '', '', '1'),
(15208, '', '', 'YES', 'YES', 'YES', '0.1'),
(15115, '', '', '', '', '', ''),
(11016, '', '', '', '', '', '0'),
(10209, '', '', '', '', '', '10'),
(11807, '', '', '', '', '', '5'),
(10707, '', '', '', '', '', '5'),
(22801, '', '', '', '', '', '5'),
(22507, 'YES', 'YES', 'YES', 'YES', 'YES', ''),
(15207, 'YES', 'YES', 'YES', 'YES', 'YES', '0'),
(22501, 'YES', 'YES', 'YES', 'YES', 'YES', '0'),
(22706, 'YES', 'YES', 'YES', 'YES', 'YES', ''),
(24006, '', '', '', '', '', ''),
(10711, '', '', '', '', '', '19'),
(11603, '', '', '', '', '', '15'),
(22006, '', '', '', '', '', '10'),
(10802, '', '', '', '', '', '10'),
(10710, '', '', '', '', '', ''),
(23905, '', '', '', '', '', '5'),
(10901, 'YES', 'YES', 'YES', 'YES', 'YES', '4'),
(22515, '', '', 'YES', 'YES', 'YES', '1'),
(11405, '', '', 'YES', 'YES', 'YES', '3'),
(10705, '', '', 'YES', 'YES', 'YES', '2'),
(10903, 'YES', 'YES', 'YES', 'YES', 'YES', '2'),
(23806, '', 'YES', 'YES', 'YES', 'YES', '3'),
(11301, '', '', 'YES', 'YES', 'YES', '1'),
(10706, '', '', 'YES', 'YES', 'YES', '1'),
(22302, 'YES', 'YES', 'YES', 'YES', 'YES', '5'),
(22203, 'YES', 'YES', 'YES', 'YES', 'YES', ''),
(11008, 'YES', 'YES', 'YES', 'YES', 'YES', ''),
(22705, 'YES', 'YES', 'YES', 'YES', 'YES', ''),
(22013, 'YES', 'YES', 'YES', 'YES', 'YES', '0'),
(22505, '', '', '', '', '', ''),
(12702, '', '', '', '', '', ''),
(11814, '', '', '', '', '', ''),
(12706, '', '', '', '', '', ''),
(12707, '', '', '', '', '', ''),
(12708, '', '', '', '', '', ''),
(11513, '', '', '', '', '', '1'),
(10902, 'YES', 'YES', 'YES', 'YES', 'YES', '2'),
(11312, '', '', 'YES', 'YES', 'YES', '1'),
(11511, '', '', '', '', '', '1.5'),
(10910, 'YES', 'YES', 'YES', 'YES', 'YES', '0'),
(11616, '', '', '', '', '', '0.3'),
(11217, '', '', '', '', '', '3'),
(22810, 'YES', 'YES', 'YES', 'YES', 'YES', ''),
(22811, 'YES', 'YES', 'YES', 'YES', 'YES', ''),
(11113, 'YES', 'YES', 'YES', 'YES', 'YES', '0'),
(11508, 'YES', 'YES', 'YES', 'YES', 'YES', ''),
(11013, '', '', '', '', '', ''),
(12701, '', '', '', '', '', ''),
(22010, '', '', '', '', '', ''),
(22914, '', '', '', '', '', ''),
(11613, 'YES', 'YES', 'YES', 'YES', 'YES', '0'),
(22514, 'YES', 'YES', 'YES', 'YES', 'YES', '0'),
(22210, 'YES', 'YES', 'YES', 'YES', 'YES', '0'),
(11813, 'YES', 'YES', 'YES', 'YES', 'YES', ''),
(11816, 'YES', 'YES', 'YES', 'YES', 'YES', '0'),
(11909, 'YES', 'YES', 'YES', 'YES', 'YES', ''),
(11705, '', '', '', '', '', ''),
(22608, 'YES', 'YES', 'YES', 'YES', 'YES', ''),
(22911, 'YES', 'YES', 'YES', 'YES', 'YES', ''),
(10210, 'YES', 'YES', 'YES', 'YES', 'YES', '0'),
(23801, 'YES', 'YES', 'YES', 'YES', 'YES', '0'),
(23909, 'YES', 'YES', 'YES', 'YES', 'YES', ''),
(15102, 'YES', 'YES', 'YES', 'YES', 'YES', '0'),
(23804, '', '', '', '', '', '3.46'),
(11710, '', '', '', '', '', '2'),
(15123, '', '', '', '', '', '5'),
(11502, 'YES', 'YES', 'YES', 'YES', 'YES', '6'),
(11311, 'YES', 'YES', 'YES', 'YES', 'YES', '4.25'),
(11004, '', '', '', 'YES', 'YES', '10'),
(11306, 'YES', 'YES', 'YES', 'YES', 'YES', '3'),
(11403, 'YES', 'YES', 'YES', 'YES', 'YES', '4.25'),
(10805, 'YES', 'YES', 'YES', 'YES', 'YES', '3.5'),
(11503, 'YES', 'YES', 'YES', 'YES', 'YES', '2'),
(11404, '', 'YES', 'YES', 'YES', 'YES', '1'),
(11003, '', '', '', 'YES', 'YES', '4'),
(15107, 'YES', 'YES', 'YES', 'YES', 'YES', '1'),
(11914, '', '', '', 'YES', 'YES', '3'),
(11817, '', '', '', '', '', ''),
(11307, 'YES', 'YES', 'YES', 'YES', 'YES', '3'),
(11413, '', 'YES', 'YES', 'YES', 'YES', '3'),
(11815, '', 'YES', 'YES', 'YES', 'YES', '0.1'),
(11610, '', 'YES', 'YES', 'YES', 'YES', '0.1'),
(11112, 'YES', 'YES', 'YES', 'YES', 'YES', '0'),
(11901, 'YES', 'YES', 'YES', 'YES', 'YES', ''),
(11712, 'YES', 'YES', 'YES', 'YES', 'YES', '0'),
(11002, 'YES', 'YES', 'YES', 'YES', 'YES', '0.1'),
(10307, 'YES', 'YES', 'YES', 'YES', 'YES', '0'),
(10911, 'YES', 'YES', 'YES', 'YES', 'YES', '0'),
(22611, 'YES', 'YES', 'YES', 'YES', 'YES', '0'),
(11501, '', '', 'YES', 'YES', 'YES', '1'),
(22313, 'YES', 'YES', 'YES', 'YES', 'YES', ''),
(22813, '', '', '', '', '', '19'),
(11208, '', '', '', '', '', '19'),
(11602, '', '', '', '', '', '7'),
(22115, '', '', '', '', '', '12'),
(15011, 'YES', 'YES', 'YES', 'YES', 'YES', ''),
(15210, '', '', '', '', '', ''),
(22704, '', '', '', '', '', '5'),
(11910, 'YES', 'YES', 'YES', 'YES', 'YES', ''),
(15012, '', '', '', '', '', ''),
(10709, '', '', '', '', '', '19'),
(11605, '', '', '', '', '', '19'),
(15108, '', '', '', '', '', '19'),
(22017, '', '', '', '', '', '9'),
(15009, '', '', '', '', '', ''),
(23910, '', '', '', '', '', '4'),
(22205, 'YES', 'YES', 'YES', 'YES', 'YES', ''),
(12704, '', '', '', '', '', ''),
(22018, '', '', '', '', '', '6'),
(22116, '', '', '', '', '', ''),
(22803, '', '', '', '', '', '1'),
(23305, '', '', '', '', '', '5'),
(22114, '', '', '', '', '', '19'),
(11601, '', '', '', '', '', '19'),
(11912, '', '', '', '', '', '19'),
(23809, '', '', '', '', '', '19'),
(15010, '', '', '', '', '', '17'),
(22201, 'YES', 'YES', 'YES', 'YES', 'YES', ''),
(11606, '', '', '', '', 'YES', '0.1'),
(10204, '', '', '', '', '', '0.1'),
(15013, '', '', '', '', '', ''),
(22311, 'YES', 'YES', 'YES', 'YES', 'YES', ''),
(22211, 'YES', 'YES', 'YES', 'YES', 'YES', ''),
(22113, 'YES', 'YES', 'YES', 'YES', 'YES', '0'),
(23907, '', '', '', '', '', '4'),
(11116, '', '', '', '', '', '3.46'),
(11709, '', '', '', '', '', '14'),
(11117, '', '', '', '', '', '19'),
(11408, '', '', '', '', '', '6'),
(23601, '', '', '', '', '', '14'),
(22612, '', '', '', '', '', '12'),
(22511, 'YES', 'YES', 'YES', 'YES', 'YES', ''),
(22910, 'YES', 'YES', 'YES', 'YES', 'YES', ''),
(11402, '', '', '', '', '', '0.1'),
(23810, '', '', '', '', '', ''),
(10303, '', '', '', '', '', ''),
(22708, 'YES', 'YES', 'YES', 'YES', 'YES', ''),
(11711, '', '', '', '', '', '2'),
(11506, '', '', '', '', '', '6'),
(22202, 'YES', 'YES', 'YES', 'YES', 'YES', ''),
(15120, '', '', '', '', '', ''),
(24009, '', '', '', '', '', ''),
(11512, '', '', '', '', '', '19'),
(11105, '', '', '', '', '', '9'),
(10206, '', '', '', '', '', '19'),
(15209, '', '', '', '', '', '10'),
(11701, '', '', '', '', '', '5.5'),
(23807, '', '', '', '', '', ''),
(23805, 'YES', 'YES', 'YES', 'YES', 'YES', ''),
(23904, 'YES', 'YES', 'YES', 'YES', 'YES', '0'),
(22603, '', '', '', '', '', '0.1'),
(11905, '', '', '', '', '', '0'),
(22513, '', '', '', '', '', ''),
(11604, 'YES', 'YES', 'YES', 'YES', 'YES', '10'),
(22003, 'YES', 'YES', 'YES', 'YES', 'YES', '0'),
(22206, 'YES', 'YES', 'YES', 'YES', 'YES', ''),
(11911, 'YES', 'YES', 'YES', 'YES', 'YES', '0'),
(22004, 'YES', 'YES', 'YES', 'YES', 'YES', '0'),
(11207, '', '', '', '', '', ''),
(11902, '', '', '', '', '', '0'),
(11913, '', '', '', '', '', ''),
(12705, 'YES', 'YES', 'YES', 'YES', 'YES', ''),
(22001, '', '', '', '', '', '0.1'),
(15003, '', '', '', '', '', '19'),
(22110, '', '', '', '', '', '7'),
(11903, '', '', '', '', '', '19'),
(22905, '', '', '', '', '', '19'),
(10302, '', '', '', '', '', '13'),
(22802, '', '', '', '', '', '19'),
(15211, '', '', '', '', '', ''),
(10309, '', '', '', '', '', '5'),
(10703, '', '', '', '', '', '2'),
(22502, '', '', '', '', '', '1'),
(22208, 'YES', 'YES', 'YES', 'YES', 'YES', ''),
(11707, '', '', '', '', '', '11'),
(22301, '', '', '', '', '', '3'),
(22602, '', '', '', '', '', '2'),
(11310, '', '', '', '', '', ''),
(22510, '', '', '', '', '', '4'),
(22806, '', '', '', '', '', '4'),
(15007, '', '', '', '', '', '17'),
(23003, '', '', '', '', '', '10'),
(22011, 'YES', 'YES', 'YES', 'YES', 'YES', '0'),
(15014, '', '', '', '', '', ''),
(22204, 'YES', 'YES', 'YES', 'YES', 'YES', ''),
(15004, 'YES', 'YES', 'YES', 'YES', 'YES', '0'),
(23803, 'YES', 'YES', 'YES', 'YES', 'YES', '0'),
(23906, 'YES', 'YES', 'YES', 'YES', 'YES', '0'),
(12703, '', '', '', '', '', ''),
(11708, '', '', 'YES', 'YES', 'YES', '0.5'),
(22601, '', '', 'YES', 'YES', 'YES', '0.1'),
(11904, 'YES', 'YES', 'YES', 'YES', 'YES', '0'),
(10908, 'YES', 'YES', 'YES', 'YES', 'YES', '0'),
(22607, 'YES', 'YES', 'YES', 'YES', 'YES', '0'),
(22613, 'YES', 'YES', 'YES', 'YES', 'YES', '0.25'),
(11214, 'YES', 'YES', 'YES', 'YES', 'YES', '0'),
(10202, 'YES', 'YES', 'YES', 'YES', 'YES', '0'),
(11110, 'YES', 'YES', 'YES', 'YES', 'YES', '0'),
(22606, '', '', '', '', '', ''),
(22213, '', '', '', '', '', '0'),
(22109, '', '', '', '', '', ''),
(23103, '', '', '', '', '', '19'),
(23404, '', '', '', '', '', '19'),
(23403, '', '', '', '', '', '19'),
(15902, '', '', '', '', '', ''),
(23501, '', '', '', '', '', '19'),
(23722, '', '', '', '', '', '10'),
(23203, '', '', '', '', '', '4'),
(23101, '', '', '', '', '', ''),
(23104, '', '', '', '', '', '19'),
(23626, '', '', '', '', '', '19'),
(23405, '', '', '', '', '', '19'),
(23304, '', '', '', '', '', '19'),
(23623, '', '', '', '', '', '19'),
(22406, '', '', '', '', '', '19'),
(23206, '', '', '', '', '', '19'),
(23507, '', '', '', '', '', '2'),
(23503, '', '', '', '', '', '19'),
(22711, '', '', '', '', '', '19'),
(22402, '', '', '', '', '', '14'),
(23504, '', '', '', '', '', '19'),
(23102, '', '', '', '', '', '19'),
(23105, '', '', '', '', '', '19'),
(23506, '', '', '', '', '', '19'),
(23106, '', '', '', '', '', '19'),
(23201, '', '', '', '', '', '19'),
(23306, '', '', '', '', '', '19'),
(23703, '', '', '', '', '', '19'),
(26001, '', '', '', '', '', '5.5'),
(15111, '', '', '', '', '', '19'),
(15112, '', '', '', '', '', '10'),
(23005, '', '', '', '', '', '10'),
(23406, '', '', '', '', '', '3'),
(23208, '', '', '', '', '', '1'),
(15904, '', '', '', '', '', ''),
(22401, '', '', '', '', '', '0'),
(23713, '', '', '', '', '', ''),
(23625, '', '', '', '', '', '10'),
(23622, '', '', '', '', '', '14'),
(22614, '', '', '', '', '', '9'),
(23402, '', '', '', '', '', '9'),
(23007, '', '', '', '', '', '6'),
(23505, '', '', '', '', '', '19'),
(15903, '', '', '', '', '', ''),
(22517, '', '', '', '', '', '9'),
(22403, '', '', '', '', '', '19'),
(22709, '', '', '', '', '', '19'),
(22710, '', '', '', '', '', '19'),
(23302, '', '', '', '', '', '10'),
(23301, '', '', '', '', '', '19'),
(23207, '', '', '', '', '', '7'),
(23401, '', '', '', '', '', '8'),
(23001, '', '', '', '', '', '14'),
(23611, '', '', '', '', '', '8'),
(23710, '', '', '', '', '', '5'),
(23307, '', '', '', '', '', '3'),
(23004, '', '', '', '', '', '2'),
(23624, '', '', '', '', '', '9'),
(26003, '', '', '', '', '', ''),
(23621, '', '', '', '', '', '10'),
(22405, '', '', '', '', '', '10'),
(25601, '', '', '', '', '', '6'),
(23502, '', '', '', '', '', '12'),
(23723, '', '', '', '', '', '5'),
(23712, '', '', '', '', '', ''),
(23205, '', '', '', '', '', '0'),
(15701, '', '', '', '', '', ''),
(15702, '', '', '', '', '', ''),
(15703, '', '', '', '', '', ''),
(15704, '', '', '', '', '', '19'),
(15801, '', '', '', '', '', '19'),
(23711, '', '', '', '', '', '19'),
(15802, '', '', '', '', '', ''),
(15803, '', '', '', '', '', ''),
(25101, '', '', '', '', '', '15'),
(15116, '', '', '', '', '', ''),
(15117, '', '', '', '', '', ''),
(15118, '', '', '', '', '', ''),
(23006, '', '', '', '', '', ''),
(15121, '', '', '', '', '', ''),
(22306, 'YES', 'YES', 'YES', 'YES', 'YES', ''),
(15804, '', '', '', '', '', ''),
(22408, '', '', '', '', '', ''),
(25000, '', '', '', '', '', ''),
(25001, '', '', '', '', '', ''),
(25002, '', '', '', '', '', ''),
(11906, '', '', '', '', '', ''),
(15204, '', '', '', '', '', '5'),
(15202, '', '', '', '', '', '12'),
(15205, '', '', '', '', '', '1'),
(11308, '', '', '', '', '', '2'),
(15113, '', '', '', '', '', '2'),
(26004, '', '', '', '', '', '4'),
(26002, '', '', '', '', '', ''),
(11304, '', '', '', '', '', ''),
(22015, '', '', '', '', '', ''),
(22016, '', '', '', '', '', ''),
(22315, '', '', '', '', '', ''),
(22506, '', '', '', '', '', ''),
(22314, '', '', '', '', '', ''),
(15109, '', '', '', '', '', '');

-- --------------------------------------------------------

--
-- Table structure for table `sid_tb`
--

DROP TABLE IF EXISTS `sid_tb`;
CREATE TABLE `sid_tb` (
  `sid` int(8) NOT NULL,
  `ts` int(5) NOT NULL,
  `freq` mediumint(9) NOT NULL,
  `sidhex` varchar(255) NOT NULL
) ENGINE=InnoDB DEFAULT CHARSET=latin1;

--
-- Dumping data for table `sid_tb`
--

INSERT INTO `sid_tb` (`sid`, `ts`, `freq`, `sidhex`) VALUES
(10101, 5, 266, '27 75'),
(10201, 4, 258, '27 D9'),
(10202, 3, 250, '27 DA'),
(10203, 4, 258, '27 DB'),
(10204, 4, 258, '27 DC'),
(10205, 4, 258, '27 DD'),
(10206, 13, 330, '27 DE'),
(10207, 4, 258, '27 DF'),
(10208, 4, 258, '27 E0'),
(10209, 4, 258, '27 E1'),
(10210, 4, 258, '27 E2'),
(10302, 5, 266, '28 3E'),
(10303, 5, 266, '28 3F'),
(10304, 5, 266, '28 40'),
(10305, 5, 266, '28 41'),
(10306, 26, 434, '28 42'),
(10307, 5, 266, '28 43'),
(10308, 2, 242, '28 44'),
(10309, 1, 234, '28 45'),
(10310, 5, 266, '28 46'),
(10311, 10, 306, '28 47'),
(10701, 9, 298, '29 CD'),
(10702, 9, 298, '29 CE'),
(10703, 1, 234, '29 CF'),
(10704, 7, 282, '29 D0'),
(10705, 8, 290, '29 D1'),
(10706, 8, 290, '29 D2'),
(10707, 9, 298, '29 D3'),
(10708, 9, 298, '29 D4'),
(10709, 26, 434, '29 D5'),
(10710, 9, 298, '29 D6'),
(10711, 9, 298, '29 D7'),
(10712, 7, 282, '29 D8'),
(10801, 11, 314, '2A 31'),
(10802, 17, 362, '2A 32'),
(10803, 11, 314, '2A 33'),
(10804, 11, 314, '2A 34'),
(10805, 6, 274, '2A 35'),
(10807, 11, 314, '2A 37'),
(10808, 11, 314, '2A 38'),
(10809, 11, 314, '2A 39'),
(10810, 11, 314, '2A 3A'),
(10811, 11, 314, '2A 3B'),
(10812, 11, 314, '2A 3C'),
(10813, 7, 282, '2A 3D'),
(10814, 15, 346, '2A 3E'),
(10901, 12, 322, '2A 95'),
(10902, 12, 322, '2A 96'),
(10903, 12, 322, '2A 97'),
(10904, 12, 322, '2A 98'),
(10905, 12, 322, '2A 99'),
(10906, 12, 322, '2A 9A'),
(10907, 12, 322, '2A 9B'),
(10908, 23, 410, '2A 9C'),
(10909, 12, 322, '2A 9D'),
(10910, 23, 410, '2A 9E'),
(10911, 23, 410, '2A 9F'),
(10913, 12, 322, '2A A1'),
(11001, 13, 330, '2A F9'),
(11002, 10, 306, '2A FA'),
(11003, 13, 330, '2A FB'),
(11004, 13, 330, '2A FC'),
(11005, 2, 242, '2A FD'),
(11006, 2, 242, '2A FE'),
(11007, 2, 242, '2A FF'),
(11008, 2, 242, '2B 00'),
(11009, 13, 330, '2B 01'),
(11010, 7, 282, '2B 02'),
(11011, 13, 330, '2B 03'),
(11013, 23, 410, '2B 05'),
(11014, 13, 330, '2B 06'),
(11015, 13, 330, '2B 07'),
(11016, 10, 306, '2B 08'),
(11101, 13, 330, '2B 5D'),
(11102, 14, 338, '2B 5E'),
(11104, 14, 338, '2B 60'),
(11105, 26, 434, '2B 61'),
(11106, 14, 338, '2B 62'),
(11107, 2, 242, '2B 63'),
(11109, 23, 410, '2B 65'),
(11110, 23, 410, '2B 66'),
(11111, 14, 338, '2B 67'),
(11112, 23, 410, '2B 68'),
(11113, 14, 338, '2B 69'),
(11114, 2, 242, '2B 6A'),
(11115, 14, 338, '2B 6B'),
(11116, 14, 338, '2B 6C'),
(11117, 14, 338, '2B 6D'),
(11203, 15, 346, '2B C3'),
(11205, 23, 410, '2B C5'),
(11206, 15, 346, '2B C6'),
(11207, 23, 410, '2B C7'),
(11208, 26, 434, '2B C8'),
(11209, 3, 250, '2B C9'),
(11211, 15, 346, '2B CB'),
(11212, 15, 346, '2B CC'),
(11214, 3, 250, '2B CE'),
(11215, 15, 346, '2B CF'),
(11216, 15, 346, '2B D0'),
(11217, 15, 346, '2B D1'),
(11218, 15, 346, '2B D2'),
(11301, 16, 354, '2C 25'),
(11302, 16, 354, '2C 26'),
(11303, 16, 354, '2C 27'),
(11304, 16, 354, '2C 28'),
(11305, 16, 354, '2C 29'),
(11306, 16, 354, '2C 2A'),
(11307, 21, 394, '2C 2B'),
(11308, 24, 418, '2C 2C'),
(11309, 16, 354, '2C 2D'),
(11310, 17, 362, '2C 2E'),
(11311, 16, 354, '2C 2F'),
(11312, 16, 354, '2C 30'),
(11401, 17, 362, '2C 89'),
(11402, 17, 362, '2C 8A'),
(11403, 22, 402, '2C 8B'),
(11404, 22, 402, '2C 8C'),
(11405, 21, 394, '2C 8D'),
(11406, 17, 362, '2C 8E'),
(11407, 17, 362, '2C 8F'),
(11408, 22, 402, '2C 90'),
(11409, 17, 362, '2C 91'),
(11410, 17, 362, '2C 92'),
(11411, 7, 282, '2C 93'),
(11412, 17, 362, '2C 94'),
(11413, 22, 402, '2C 95'),
(11501, 22, 402, '2C ED'),
(11502, 18, 370, '2C EE'),
(11503, 22, 402, '2C EF'),
(11504, 18, 370, '2C F0'),
(11505, 18, 370, '2C F1'),
(11506, 22, 402, '2C F2'),
(11507, 18, 370, '2C F3'),
(11508, 18, 370, '2C F4'),
(11509, 18, 370, '2C F5'),
(11510, 18, 370, '2C F6'),
(11511, 18, 370, '2C F7'),
(11512, 26, 434, '2C F8'),
(11513, 18, 370, '2C F9'),
(11601, 26, 434, '2D 51'),
(11602, 26, 434, '2D 52'),
(11603, 19, 378, '2D 53'),
(11604, 19, 378, '2D 54'),
(11605, 2, 242, '2D 55'),
(11606, 22, 402, '2D 56'),
(11607, 19, 378, '2D 57'),
(11608, 19, 378, '2D 58'),
(11610, 19, 378, '2D 5A'),
(11611, 19, 378, '2D 5B'),
(11613, 22, 402, '2D 5D'),
(11614, 19, 378, '2D 5E'),
(11615, 19, 378, '2D 5F'),
(11616, 19, 378, '2D 60'),
(11701, 1, 234, '2D B5'),
(11702, 20, 386, '2D B6'),
(11703, 20, 386, '2D B7'),
(11704, 20, 386, '2D B8'),
(11705, 20, 386, '2D B9'),
(11706, 5, 266, '2D BA'),
(11707, 20, 386, '2D BB'),
(11708, 8, 290, '2D BC'),
(11709, 20, 386, '2D BD'),
(11710, 20, 386, '2D BE'),
(11711, 20, 386, '2D BF'),
(11712, 6, 274, '2D C0'),
(11805, 21, 394, '2E 1D'),
(11806, 21, 394, '2E 1E'),
(11807, 14, 338, '2E 1F'),
(11808, 21, 394, '2E 20'),
(11809, 21, 394, '2E 21'),
(11810, 21, 394, '2E 22'),
(11811, 21, 394, '2E 23'),
(11813, 3, 250, '2E 25'),
(11814, 3, 250, '2E 26'),
(11815, 21, 394, '2E 27'),
(11816, 3, 250, '2E 28'),
(11817, 25, 426, '2E 29'),
(11901, 6, 274, '2E 7D'),
(11902, 6, 274, '2E 7E'),
(11903, 1, 234, '2E 7F'),
(11904, 9, 298, '2E 80'),
(11905, 25, 426, '2E 81'),
(11906, 6, 274, '2E 82'),
(11908, 6, 274, '2E 84'),
(11909, 26, 434, '2E 85'),
(11910, 3, 250, '2E 86'),
(11911, 25, 426, '2E 87'),
(11912, 1, 234, '2E 88'),
(11913, 6, 274, '2E 89'),
(11914, 6, 274, '2E 8A'),
(12701, 27, 442, '31 9D'),
(12702, 27, 442, '31 9E'),
(12703, 27, 442, '31 9F'),
(12704, 27, 442, '31 A0'),
(12705, 27, 442, '31 A1'),
(12706, 27, 442, '31 A2'),
(12707, 27, 442, '31 A3'),
(12708, 27, 442, '31 A4'),
(12709, 27, 442, '31 A5'),
(15001, 4, 258, '3A 99'),
(15002, 3, 250, '3A 9A'),
(15003, 1, 234, '3A 9B'),
(15004, 3, 250, '3A 9C'),
(15006, 5, 266, '3A 9E'),
(15007, 6, 274, '3A 9F'),
(15008, 9, 298, '3A A0'),
(15009, 1, 234, '3A A1'),
(15010, 1, 234, '3A A2'),
(15011, 2, 242, '3A A3'),
(15012, 1, 234, '3A A4'),
(15013, 3, 250, '3A A5'),
(15014, 1, 234, '3A A6'),
(15101, 3, 250, '3A FD'),
(15102, 7, 282, '3A FE'),
(15103, 8, 290, '3A FF'),
(15104, 9, 298, '3B 00'),
(15105, 7, 282, '3B 01'),
(15106, 3, 250, '3B 02'),
(15107, 8, 290, '3B 03'),
(15108, 8, 290, '3B 04'),
(15109, 3, 250, '3B 05'),
(15110, 7, 282, '3B 06'),
(15111, 25, 426, '3B 07'),
(15112, 25, 426, '3B 08'),
(15113, 24, 418, '3B 09'),
(15114, 2, 242, '3B 0A'),
(15115, 2, 242, '3B 0B'),
(15116, 2, 242, '3B 0C'),
(15117, 2, 242, '3B 0D'),
(15118, 2, 242, '3B 0E'),
(15119, 3, 250, '3B 0F'),
(15120, 3, 250, '3B 10'),
(15121, 3, 250, '3B 11'),
(15123, 4, 258, '3B 13'),
(15124, 59, 706, '3B 14'),
(15125, 59, 706, '3B 15'),
(15202, 24, 418, '3B 62'),
(15204, 24, 418, '3B 64'),
(15205, 24, 418, '3B 65'),
(15206, 8, 290, '3B 66'),
(15207, 2, 242, '3B 67'),
(15208, 8, 290, '3B 68'),
(15209, 26, 434, '3B 69'),
(15210, 1, 234, '3B 6A'),
(15211, 1, 234, '3B 6B'),
(15212, 8, 290, '3B 6C'),
(15701, 57, 690, '3D 55'),
(15702, 57, 690, '3D 56'),
(15703, 57, 690, '3D 57'),
(15704, 57, 690, '3D 58'),
(15801, 58, 698, '3D B9'),
(15802, 58, 698, '3D BA'),
(15803, 58, 698, '3D BB'),
(15804, 58, 698, '3D BC'),
(15902, 59, 706, '3E 1E'),
(15903, 59, 706, '3E 1F'),
(15904, 59, 706, '3E 20'),
(22001, 33, 490, '55 F1'),
(22003, 40, 546, '55 F3'),
(22004, 28, 450, '55 F4'),
(22006, 38, 530, '55 F6'),
(22007, 38, 530, '55 F7'),
(22008, 38, 530, '55 F8'),
(22009, 39, 538, '55 F9'),
(22010, 29, 458, '55 FA'),
(22011, 32, 482, '55 FB'),
(22013, 29, 458, '55 FD'),
(22015, 29, 458, '55 FF'),
(22016, 29, 458, '56 00'),
(22017, 32, 482, '56 01'),
(22018, 32, 482, '56 02'),
(22101, 32, 482, '56 55'),
(22103, 32, 482, '56 57'),
(22104, 32, 482, '56 58'),
(22105, 32, 482, '56 59'),
(22106, 32, 482, '56 5A'),
(22108, 39, 538, '56 5C'),
(22109, 32, 482, '56 5D'),
(22110, 31, 474, '56 5E'),
(22111, 39, 538, '56 5F'),
(22112, 36, 514, '56 60'),
(22113, 32, 482, '56 61'),
(22114, 31, 474, '56 62'),
(22115, 31, 474, '56 63'),
(22116, 31, 474, '56 64'),
(22201, 28, 450, '56 B9'),
(22202, 28, 450, '56 BA'),
(22203, 28, 450, '56 BB'),
(22204, 28, 450, '56 BC'),
(22205, 28, 450, '56 BD'),
(22206, 28, 450, '56 BE'),
(22208, 28, 450, '56 C0'),
(22209, 39, 538, '56 C1'),
(22210, 39, 538, '56 C2'),
(22211, 28, 450, '56 C3'),
(22212, 39, 538, '56 C4'),
(22213, 28, 450, '56 C5'),
(22301, 39, 538, '57 1D'),
(22302, 37, 522, '57 1E'),
(22305, 38, 530, '57 21'),
(22306, 33, 490, '57 22'),
(22307, 29, 458, '57 23'),
(22308, 29, 458, '57 24'),
(22309, 29, 458, '57 25'),
(22310, 28, 450, '57 26'),
(22311, 29, 458, '57 27'),
(22312, 28, 450, '57 28'),
(22313, 33, 490, '57 29'),
(22314, 29, 458, '57 2A'),
(22315, 29, 458, '57 2B'),
(22401, 52, 642, '57 81'),
(22402, 51, 634, '57 82'),
(22403, 52, 642, '57 83'),
(22404, 39, 538, '57 84'),
(22405, 53, 650, '57 85'),
(22406, 51, 634, '57 86'),
(22407, 52, 642, '57 87'),
(22408, 52, 642, '57 88'),
(22501, 30, 466, '57 E5'),
(22502, 30, 466, '57 E6'),
(22503, 36, 514, '57 E7'),
(22505, 29, 458, '57 E9'),
(22506, 29, 458, '57 EA'),
(22507, 36, 514, '57 EB'),
(22508, 34, 498, '57 EC'),
(22510, 30, 466, '57 EE'),
(22511, 29, 458, '57 EF'),
(22513, 30, 466, '57 F1'),
(22514, 30, 466, '57 F2'),
(22515, 37, 522, '57 F3'),
(22516, 36, 514, '57 F4'),
(22517, 42, 562, '57 F5'),
(22601, 35, 506, '58 49'),
(22602, 35, 506, '58 4A'),
(22603, 30, 466, '58 4B'),
(22604, 35, 506, '58 4C'),
(22605, 35, 506, '58 4D'),
(22606, 30, 466, '58 4E'),
(22607, 30, 466, '58 4F'),
(22608, 30, 466, '58 50'),
(22610, 35, 506, '58 52'),
(22611, 35, 506, '58 53'),
(22612, 35, 506, '58 54'),
(22613, 35, 506, '58 55'),
(22614, 43, 570, '58 56'),
(22701, 34, 498, '58 AD'),
(22702, 34, 498, '58 AE'),
(22703, 35, 506, '58 AF'),
(22704, 30, 466, '58 B0'),
(22705, 29, 458, '58 B1'),
(22706, 30, 466, '58 B2'),
(22708, 34, 498, '58 B4'),
(22709, 43, 570, '58 B5'),
(22710, 43, 570, '58 B6'),
(22711, 43, 570, '58 B7'),
(22801, 36, 514, '59 11'),
(22802, 31, 474, '59 12'),
(22803, 31, 474, '59 13'),
(22806, 31, 474, '59 16'),
(22808, 36, 514, '59 18'),
(22809, 36, 514, '59 19'),
(22810, 33, 490, '59 1A'),
(22811, 33, 490, '59 1B'),
(22812, 36, 514, '59 1C'),
(22813, 33, 490, '59 1D'),
(22901, 31, 474, '59 75'),
(22902, 37, 522, '59 76'),
(22904, 30, 466, '59 78'),
(22905, 31, 474, '59 79'),
(22906, 33, 490, '59 7A'),
(22907, 30, 466, '59 7B'),
(22908, 37, 522, '59 7C'),
(22909, 32, 482, '59 7D'),
(22910, 37, 522, '59 7E'),
(22911, 33, 490, '59 7F'),
(22912, 33, 490, '59 80'),
(22913, 33, 490, '59 81'),
(22914, 37, 522, '59 82'),
(23001, 44, 578, '59 D9'),
(23003, 44, 578, '59 DB'),
(23004, 44, 578, '59 DC'),
(23005, 45, 586, '59 DD'),
(23006, 45, 586, '59 DE'),
(23007, 44, 578, '59 DF'),
(23101, 56, 682, '5A 3D'),
(23102, 46, 594, '5A 3E'),
(23103, 45, 586, '5A 3F'),
(23104, 45, 586, '5A 40'),
(23105, 46, 594, '5A 41'),
(23106, 46, 594, '5A 42'),
(23201, 48, 610, '5A A1'),
(23203, 47, 602, '5A A3'),
(23205, 48, 610, '5A A5'),
(23206, 47, 602, '5A A6'),
(23207, 47, 602, '5A A7'),
(23208, 47, 602, '5A A8'),
(23301, 49, 618, '5B 05'),
(23302, 49, 618, '5B 06'),
(23304, 48, 610, '5B 08'),
(23305, 31, 474, '5B 09'),
(23306, 48, 610, '5B 0A'),
(23307, 49, 618, '5B 0B'),
(23401, 51, 634, '5B 69'),
(23402, 50, 626, '5B 6A'),
(23403, 50, 626, '5B 6B'),
(23404, 49, 618, '5B 6C'),
(23405, 50, 626, '5B 6D'),
(23406, 50, 626, '5B 6E'),
(23501, 41, 554, '5B CD'),
(23502, 41, 554, '5B CE'),
(23503, 41, 554, '5B CF'),
(23504, 42, 562, '5B D0'),
(23505, 42, 562, '5B D1'),
(23506, 42, 562, '5B D2'),
(23507, 41, 554, '5B D3'),
(23601, 36, 514, '5C 31'),
(23611, 54, 658, '5C 3B'),
(23621, 54, 658, '5C 45'),
(23622, 54, 658, '5C 46'),
(23623, 53, 650, '5C 47'),
(23624, 54, 658, '5C 48'),
(23625, 53, 650, '5C 49'),
(23626, 53, 650, '5C 4A'),
(23703, 46, 594, '5C 97'),
(23710, 55, 674, '5C 9E'),
(23711, 56, 682, '5C 9F'),
(23712, 55, 674, '5C A0'),
(23713, 55, 674, '5C A1'),
(23722, 55, 674, '5C AA'),
(23723, 56, 682, '5C AB'),
(23801, 34, 498, '5C F9'),
(23802, 34, 498, '5C FA'),
(23803, 31, 474, '5C FB'),
(23804, 37, 522, '5C FC'),
(23805, 29, 458, '5C FD'),
(23806, 37, 522, '5C FE'),
(23807, 33, 490, '5C FF'),
(23808, 37, 522, '5D 00'),
(23809, 31, 474, '5D 01'),
(23810, 34, 498, '5D 02'),
(23811, 29, 458, '5D 03'),
(23901, 40, 546, '5D 5D'),
(23902, 38, 530, '5D 5E'),
(23903, 38, 530, '5D 5F'),
(23904, 33, 490, '5D 60'),
(23905, 38, 530, '5D 61'),
(23906, 32, 482, '5D 62'),
(23907, 39, 538, '5D 63'),
(23908, 38, 530, '5D 64'),
(23909, 34, 498, '5D 65'),
(23910, 31, 474, '5D 66'),
(23911, 38, 530, '5D 67'),
(24004, 40, 546, '5D C4'),
(24005, 40, 546, '5D C5'),
(24006, 40, 546, '5D C6'),
(24007, 40, 546, '5D C7'),
(24008, 40, 546, '5D C8'),
(24009, 40, 546, '5D C9'),
(25000, 52, 642, '61 A8'),
(25001, 52, 642, '61 A9'),
(25002, 52, 642, '61 AA'),
(25101, 51, 634, '62 0D'),
(25601, 56, 682, '64 01'),
(26001, 60, 714, '65 91'),
(26002, 60, 714, '65 92'),
(26003, 60, 714, '65 93'),
(26004, 60, 714, '65 94');

-- --------------------------------------------------------

--
-- Table structure for table `user_privilege_tb`
--

DROP TABLE IF EXISTS `user_privilege_tb`;
CREATE TABLE `user_privilege_tb` (
  `user_id` int(6) NOT NULL,
  `city_id` int(3) NOT NULL
) ENGINE=InnoDB DEFAULT CHARSET=latin1;

--
-- Dumping data for table `user_privilege_tb`
--

INSERT INTO `user_privilege_tb` (`user_id`, `city_id`) VALUES
(1, 1),
(1, 2),
(1, 3),
(1, 4),
(2, 1);

--
-- Indexes for dumped tables
--

--
-- Indexes for table `auth_tb`
--
ALTER TABLE `auth_tb`
  ADD PRIMARY KEY (`user_id`);

--
-- Indexes for table `channel_tb`
--
ALTER TABLE `channel_tb`
  ADD PRIMARY KEY (`id`),
  ADD UNIQUE KEY `sid` (`sid`),
  ADD UNIQUE KEY `id` (`id`);

--
-- Indexes for table `city_tb`
--
ALTER TABLE `city_tb`
  ADD PRIMARY KEY (`city_id`),
  ADD UNIQUE KEY `db_name` (`db_name`);

--
-- Indexes for table `lcn_tb`
--
ALTER TABLE `lcn_tb`
  ADD PRIMARY KEY (`lcn`);

--
-- Indexes for table `sid_tb`
--
ALTER TABLE `sid_tb`
  ADD PRIMARY KEY (`sid`);

--
-- Indexes for table `user_privilege_tb`
--
ALTER TABLE `user_privilege_tb`
  ADD PRIMARY KEY (`user_id`,`city_id`);

--
-- AUTO_INCREMENT for dumped tables
--

--
-- AUTO_INCREMENT for table `auth_tb`
--
ALTER TABLE `auth_tb`
  MODIFY `user_id` int(6) NOT NULL AUTO_INCREMENT;
--
-- AUTO_INCREMENT for table `channel_tb`
--
ALTER TABLE `channel_tb`
  MODIFY `id` int(11) NOT NULL AUTO_INCREMENT;
--
-- AUTO_INCREMENT for table `city_tb`
--
ALTER TABLE `city_tb`
  MODIFY `city_id` int(3) NOT NULL AUTO_INCREMENT;
/*!40101 SET CHARACTER_SET_CLIENT=@OLD_CHARACTER_SET_CLIENT */;
/*!40101 SET CHARACTER_SET_RESULTS=@OLD_CHARACTER_SET_RESULTS */;
/*!40101 SET COLLATION_CONNECTION=@OLD_COLLATION_CONNECTION */;
